State Code,Year,Beach ID(Def.),Beach Name(Def.),StationID(Def.),Station Name (Def.),CountyName(Def.),Identifier(Def.),StartDate(Def.),StartTime(Def.),ZoneCode(Def.),ActivityTypeCode(Def.),CharacteristicName(Def.),Result ValueText(Def.),ResultValue(Def.),ResultMeasureUnit,Result Comment(Def.),ActivityDepthValue(Def.),ActivityDepthUnitCode(Def.),ResultAnalyticalMethodIdentifier Context(Def.),ResultAnalyticalMethodIdentifier(Def.),ResultAnalyticalMethodName(Def.),Sample CollectionMethod Identifier(Def.),Sample Collection Method Name(Def.),Field Gear(Def.),Latitude,Longitude
TX,2022,TX710697,25th St.,GAL047,14th/15th Streets,GALVESTON,GAL047_20221220_97522,20-Dec-22,9:06:00 AM,CDT,Sample-Routine,Enterococcus,,5,cfu/100mL,,2,ft,21TXBCH,19299,ENTEROLERT,SPL_WTRGRB,Sample Water Grab,Water Bottle,29.29804,-94.77718
TX,2022,TX710697,25th St.,GAL047,14th/15th Streets,GALVESTON,GAL047_20221206_97355,6-Dec-22,8:54:00 AM,CDT,Sample-Routine,Enterococcus,,10,cfu/100mL,,2,ft,21TXBCH,19299,ENTEROLERT,SPL_WTRGRB,Sample Water Grab,Water Bottle,29.29804,-94.77718
TX,2022,TX710697,25th St.,GAL047,14th/15th Streets,GALVESTON,GAL047_20221125_97221,25-Nov-22,8:43:00 AM,CDT,Sample-Routine,Enterococcus,,41,cfu/100mL,,2,ft,21TXBCH,19299,ENTEROLERT,SPL_WTRGRB,Sample Water Grab,Water Bottle,29.29804,-94.77718
TX,2022,TX710697,25th St.,GAL047,14th/15th Streets,GALVESTON,GAL047_20221122_97203,22-Nov-22,9:36:00 AM,CDT,Sample-Routine,Enterococcus,,246,cfu/100mL,,2,ft,21TXBCH,19299,ENTEROLERT,SPL_WTRGRB,Sample Water Grab,Water Bottle,29.29804,-94.77718
TX,2022,TX710697,25th St.,GAL047,14th/15th Streets,GALVESTON,GAL047_20221108_97002,8-Nov-22,8:56:00 AM,CDT,Sample-Routine,Enterococcus,,5,cfu/100mL,,2,ft,21TXBCH,19299,ENTEROLERT,SPL_WTRGRB,Sample Water Grab,Water Bottle,29.29804,-94.77718
TX,2022,TX710697,25th St.,GAL047,14th/15th Streets,GALVESTON,GAL047_20221025_96803,25-Oct-22,8:56:00 AM,CDT,Sample-Routine,Enterococcus,,20,cfu/100mL,,2,ft,21TXBCH,19299,ENTEROLERT,SPL_WTRGRB,Sample Water Grab,Water Bottle,29.29804,-94.77718
TX,2022,TX710697,25th St.,GAL047,14th/15th Streets,GALVESTON,GAL047_20221011_96667,11-Oct-22,8:55:00 AM,CDT,Sample-Routine,Enterococcus,,10,cfu/100mL,,2,ft,21TXBCH,19299,ENTEROLERT,SPL_WTRGRB,Sample Water Grab,Water Bottle,29.29804,-94.77718
TX,2022,TX710697,25th St.,GAL047,14th/15th Streets,GALVESTON,GAL047_20221004_96475,4-Oct-22,8:55:00 AM,CDT,Sample-Routine,Enterococcus,,10,cfu/100mL,,2,ft,21TXBCH,19299,ENTEROLERT,SPL_WTRGRB,Sample Water Grab,Water Bottle,29.29804,-94.77718
TX,2022,TX710697,25th St.,GAL047,14th/15th Streets,GALVESTON,GAL047_20220927_96272,27-Sep-22,9:57:00 AM,CDT,Sample-Routine,Enterococcus,,5,cfu/100mL,,2,ft,21TXBCH,19299,ENTEROLERT,SPL_WTRGRB,Sample Water Grab,Water Bottle,29.29804,-94.77718
TX,2022,TX710697,25th St.,GAL047,14th/15th Streets,GALVESTON,GAL047_20220920_96131,20-Sep-22,8:55:00 AM,CDT,Sample-Routine,Enterococcus,,5,cfu/100mL,,2,ft,21TXBCH,19299,ENTEROLERT,SPL_WTRGRB,Sample Water Grab,Water Bottle,29.29804,-94.77718
TX,2022,TX710697,25th St.,GAL047,14th/15th Streets,GALVESTON,GAL047_20220913_95960,13-Sep-22,8:53:00 AM,CDT,Sample-Routine,Enterococcus,,30,cfu/100mL,,2,ft,21TXBCH,19299,ENTEROLERT,SPL_WTRGRB,Sample Water Grab,Water Bottle,29.29804,-94.77718
TX,2022,TX710697,25th St.,GAL047,14th/15th Streets,GALVESTON,GAL047_20220907_95801,7-Sep-22,9:14:00 AM,CDT,Sample-Routine,Enterococcus,,5,cfu/100mL,,2,ft,21TXBCH,19299,ENTEROLERT,SPL_WTRGRB,Sample Water Grab,Water Bottle,29.29804,-94.77718
TX,2022,TX710697,25th St.,GAL047,14th/15th Streets,GALVESTON,GAL047_20220831_95630,31-Aug-22,8:45:00 AM,CDT,Sample-Routine,Enterococcus,,30,cfu/100mL,,2,ft,21TXBCH,19299,ENTEROLERT,SPL_WTRGRB,Sample Water Grab,Water Bottle,29.29804,-94.77718
TX,2022,TX710697,25th St.,GAL047,14th/15th Streets,GALVESTON,GAL047_20220825_95458,25-Aug-22,8:36:00 AM,CDT,Sample-Routine,Enterococcus,,74,cfu/100mL,,2,ft,21TXBCH,19299,ENTEROLERT,SPL_WTRGRB,Sample Water Grab,Water Bottle,29.29804,-94.77718
TX,2022,TX710697,25th St.,GAL047,14th/15th Streets,GALVESTON,GAL047_20220823_95404,23-Aug-22,8:44:00 AM,CDT,Sample-Routine,Enterococcus,,108,cfu/100mL,,2,ft,21TXBCH,19299,ENTEROLERT,SPL_WTRGRB,Sample Water Grab,Water Bottle,29.29804,-94.77718
TX,2022,TX710697,25th St.,GAL047,14th/15th Streets,GALVESTON,GAL047_20220816_95215,16-Aug-22,9:03:00 AM,CDT,Sample-Routine,Enterococcus,,10,cfu/100mL,,2,ft,21TXBCH,19299,ENTEROLERT,SPL_WTRGRB,Sample Water Grab,Water Bottle,29.29804,-94.77718
TX,2022,TX710697,25th St.,GAL047,14th/15th Streets,GALVESTON,GAL047_20220809_95037,9-Aug-22,8:46:00 AM,CDT,Sample-Routine,Enterococcus,,31,cfu/100mL,,2,ft,21TXBCH,19299,ENTEROLERT,SPL_WTRGRB,Sample Water Grab,Water Bottle,29.29804,-94.77718
TX,2022,TX710697,25th St.,GAL047,14th/15th Streets,GALVESTON,GAL047_20220802_94874,2-Aug-22,8:46:00 AM,CDT,Sample-Routine,Enterococcus,,10,cfu/100mL,,2,ft,21TXBCH,19299,ENTEROLERT,SPL_WTRGRB,Sample Water Grab,Water Bottle,29.29804,-94.77718
TX,2022,TX710697,25th St.,GAL047,14th/15th Streets,GALVESTON,GAL047_20220726_94702,26-Jul-22,8:49:00 AM,CDT,Sample-Routine,Enterococcus,,20,cfu/100mL,,2,ft,21TXBCH,19299,ENTEROLERT,SPL_WTRGRB,Sample Water Grab,Water Bottle,29.29804,-94.77718
TX,2022,TX710697,25th St.,GAL047,14th/15th Streets,GALVESTON,GAL047_20220719_94532,19-Jul-22,8:45:00 AM,CDT,Sample-Routine,Enterococcus,,20,cfu/100mL,,2,ft,21TXBCH,19299,ENTEROLERT,SPL_WTRGRB,Sample Water Grab,Water Bottle,29.29804,-94.77718
TX,2022,TX710697,25th St.,GAL047,14th/15th Streets,GALVESTON,GAL047_20220719_94532,19-Jul-22,8:45:00 AM,CDT,Sample-Routine,Enterococcus,,5,cfu/100mL,,2,ft,21TXBCH,19299,ENTEROLERT,SPL_WTRGRB,Sample Water Grab,Water Bottle,29.29804,-94.77718
TX,2022,TX710697,25th St.,GAL047,14th/15th Streets,GALVESTON,GAL047_20220712_94374,12-Jul-22,8:46:00 AM,CDT,Sample-Routine,Enterococcus,,63,cfu/100mL,,2,ft,21TXBCH,19299,ENTEROLERT,SPL_WTRGRB,Sample Water Grab,Water Bottle,29.29804,-94.77718
TX,2022,TX710697,25th St.,GAL047,14th/15th Streets,GALVESTON,GAL047_20220706_94240,6-Jul-22,9:09:00 AM,CDT,Sample-Routine,Enterococcus,,5,cfu/100mL,,2,ft,21TXBCH,19299,ENTEROLERT,SPL_WTRGRB,Sample Water Grab,Water Bottle,29.29804,-94.77718
TX,2022,TX710697,25th St.,GAL047,14th/15th Streets,GALVESTON,GAL047_20220628_93995,28-Jun-22,8:47:00 AM,CDT,Sample-Routine,Enterococcus,,74,cfu/100mL,,2,ft,21TXBCH,19299,ENTEROLERT,SPL_WTRGRB,Sample Water Grab,Water Bottle,29.29804,-94.77718
TX,2022,TX710697,25th St.,GAL047,14th/15th Streets,GALVESTON,GAL047_20220621_93836,21-Jun-22,8:45:00 AM,CDT,Sample-Routine,Enterococcus,,20,cfu/100mL,,2,ft,21TXBCH,19299,ENTEROLERT,SPL_WTRGRB,Sample Water Grab,Water Bottle,29.29804,-94.77718
TX,2022,TX710697,25th St.,GAL047,14th/15th Streets,GALVESTON,GAL047_20220614_93671,14-Jun-22,9:42:00 AM,CDT,Sample-Routine,Enterococcus,,10,cfu/100mL,,2,ft,21TXBCH,19299,ENTEROLERT,SPL_WTRGRB,Sample Water Grab,Water Bottle,29.29804,-94.77718
TX,2022,TX710697,25th St.,GAL047,14th/15th Streets,GALVESTON,GAL047_20220607_93473,7-Jun-22,8:46:00 AM,CDT,Sample-Routine,Enterococcus,,10,cfu/100mL,,2,ft,21TXBCH,19299,ENTEROLERT,SPL_WTRGRB,Sample Water Grab,Water Bottle,29.29804,-94.77718
TX,2022,TX710697,25th St.,GAL047,14th/15th Streets,GALVESTON,GAL047_20220531_93284,31-May-22,9:00:00 AM,CDT,Sample-Routine,Enterococcus,,5,cfu/100mL,,2,ft,21TXBCH,19299,ENTEROLERT,SPL_WTRGRB,Sample Water Grab,Water Bottle,29.29804,-94.77718
TX,2022,TX710697,25th St.,GAL047,14th/15th Streets,GALVESTON,GAL047_20220524_93104,24-May-22,9:00:00 AM,CDT,Sample-Routine,Enterococcus,,5,cfu/100mL,,2,ft,21TXBCH,19299,ENTEROLERT,SPL_WTRGRB,Sample Water Grab,Water Bottle,29.29804,-94.77718
TX,2022,TX710697,25th St.,GAL047,14th/15th Streets,GALVESTON,GAL047_20220517_92970,17-May-22,9:00:00 AM,CDT,Sample-Routine,Enterococcus,,10,cfu/100mL,,2,ft,21TXBCH,19299,ENTEROLERT,SPL_WTRGRB,Sample Water Grab,Water Bottle,29.29804,-94.77718
TX,2022,TX710697,25th St.,GAL047,14th/15th Streets,GALVESTON,GAL047_20220510_92763,10-May-22,9:00:00 AM,CDT,Sample-Routine,Enterococcus,,41,cfu/100mL,,2,ft,21TXBCH,19299,ENTEROLERT,SPL_WTRGRB,Sample Water Grab,Water Bottle,29.29804,-94.77718
TX,2022,TX710697,25th St.,GAL047,14th/15th Streets,GALVESTON,GAL047_20220504_92646,4-May-22,9:00:00 AM,CDT,Sample-Routine,Enterococcus,,5,cfu/100mL,,2,ft,21TXBCH,19299,ENTEROLERT,SPL_WTRGRB,Sample Water Grab,Water Bottle,29.29804,-94.77718
TX,2022,TX710697,25th St.,GAL047,14th/15th Streets,GALVESTON,GAL047_20220426_92460,26-Apr-22,9:00:00 AM,CDT,Sample-Routine,Enterococcus,,5,cfu/100mL,,2,ft,21TXBCH,19299,ENTEROLERT,SPL_WTRGRB,Sample Water Grab,Water Bottle,29.29804,-94.77718
TX,2022,TX710697,25th St.,GAL047,14th/15th Streets,GALVESTON,GAL047_20220412_92302,12-Apr-22,9:00:00 AM,CDT,Sample-Routine,Enterococcus,,10,cfu/100mL,,2,ft,21TXBCH,19299,ENTEROLERT,SPL_WTRGRB,Sample Water Grab,Water Bottle,29.29804,-94.77718
TX,2022,TX710697,25th St.,GAL047,14th/15th Streets,GALVESTON,GAL047_20220329_92144,29-Mar-22,9:00:00 AM,CDT,Sample-Routine,Enterococcus,,30,cfu/100mL,,2,ft,21TXBCH,19299,ENTEROLERT,SPL_WTRGRB,Sample Water Grab,Water Bottle,29.29804,-94.77718
TX,2022,TX710697,25th St.,GAL047,14th/15th Streets,GALVESTON,GAL047_20220323_91966,23-Mar-22,9:00:00 AM,CDT,Sample-Routine,Enterococcus,,84,cfu/100mL,,2,ft,21TXBCH,19299,ENTEROLERT,SPL_WTRGRB,Sample Water Grab,Water Bottle,29.29804,-94.77718
TX,2022,TX710697,25th St.,GAL047,14th/15th Streets,GALVESTON,GAL047_20220315_91755,15-Mar-22,9:00:00 AM,CDT,Sample-Routine,Enterococcus,,74,cfu/100mL,,2,ft,21TXBCH,19299,ENTEROLERT,SPL_WTRGRB,Sample Water Grab,Water Bottle,29.29804,-94.77718
TX,2022,TX710697,25th St.,GAL047,14th/15th Streets,GALVESTON,GAL047_20220308_91584,8-Mar-22,9:00:00 AM,CDT,Sample-Routine,Enterococcus,,10,cfu/100mL,,2,ft,21TXBCH,19299,ENTEROLERT,SPL_WTRGRB,Sample Water Grab,Water Bottle,29.29804,-94.77718
TX,2022,TX710697,25th St.,GAL047,14th/15th Streets,GALVESTON,GAL047_20220222_91412,22-Feb-22,9:00:00 AM,CDT,Sample-Routine,Enterococcus,,5,cfu/100mL,,2,ft,21TXBCH,19299,ENTEROLERT,SPL_WTRGRB,Sample Water Grab,Water Bottle,29.29804,-94.77718
TX,2022,TX710697,25th St.,GAL047,14th/15th Streets,GALVESTON,GAL047_20220208_91245,8-Feb-22,9:00:00 AM,CDT,Sample-Routine,Enterococcus,,5,cfu/100mL,,2,ft,21TXBCH,19299,ENTEROLERT,SPL_WTRGRB,Sample Water Grab,Water Bottle,29.29804,-94.77718
TX,2022,TX710697,25th St.,GAL047,14th/15th Streets,GALVESTON,GAL047_20220125_91052,25-Jan-22,9:00:00 AM,CDT,Sample-Routine,Enterococcus,,10,cfu/100mL,,2,ft,21TXBCH,19299,ENTEROLERT,SPL_WTRGRB,Sample Water Grab,Water Bottle,29.29804,-94.77718
TX,2022,TX710697,25th St.,GAL046,18th/19th Streets,GALVESTON,GAL046_20221220_97521,20-Dec-22,9:00:00 AM,CDT,Sample-Routine,Enterococcus,,5,cfu/100mL,,2,ft,21TXBCH,19299,ENTEROLERT,SPL_WTRGRB,Sample Water Grab,Water Bottle,29.29295,-94.78423
TX,2022,TX710697,25th St.,GAL046,18th/19th Streets,GALVESTON,GAL046_20221206_97354,6-Dec-22,8:51:00 AM,CDT,Sample-Routine,Enterococcus,,10,cfu/100mL,,2,ft,21TXBCH,19299,ENTEROLERT,SPL_WTRGRB,Sample Water Grab,Water Bottle,29.29295,-94.78423
TX,2022,TX710697,25th St.,GAL046,18th/19th Streets,GALVESTON,GAL046_20221125_97220,25-Nov-22,8:35:00 AM,CDT,Sample-Routine,Enterococcus,,20,cfu/100mL,,2,ft,21TXBCH,19299,ENTEROLERT,SPL_WTRGRB,Sample Water Grab,Water Bottle,29.29295,-94.78423
TX,2022,TX710697,25th St.,GAL046,18th/19th Streets,GALVESTON,GAL046_20221122_97202,22-Nov-22,9:00:00 AM,CDT,Sample-Routine,Enterococcus,,209,cfu/100mL,,2,ft,21TXBCH,19299,ENTEROLERT,SPL_WTRGRB,Sample Water Grab,Water Bottle,29.29295,-94.78423
TX,2022,TX710697,25th St.,GAL046,18th/19th Streets,GALVESTON,GAL046_20221122_97202,22-Nov-22,9:00:00 AM,CDT,Sample-Routine,Enterococcus,,262,cfu/100mL,,2,ft,21TXBCH,19299,ENTEROLERT,SPL_WTRGRB,Sample Water Grab,Water Bottle,29.29295,-94.78423
TX,2022,TX710697,25th St.,GAL046,18th/19th Streets,GALVESTON,GAL046_20221108_97001,8-Nov-22,8:51:00 AM,CDT,Sample-Routine,Enterococcus,,5,cfu/100mL,,2,ft,21TXBCH,19299,ENTEROLERT,SPL_WTRGRB,Sample Water Grab,Water Bottle,29.29295,-94.78423
TX,2022,TX710697,25th St.,GAL046,18th/19th Streets,GALVESTON,GAL046_20221025_96802,25-Oct-22,8:51:00 AM,CDT,Sample-Routine,Enterococcus,,5,cfu/100mL,,2,ft,21TXBCH,19299,ENTEROLERT,SPL_WTRGRB,Sample Water Grab,Water Bottle,29.29295,-94.78423
TX,2022,TX710697,25th St.,GAL046,18th/19th Streets,GALVESTON,GAL046_20221011_96643,11-Oct-22,8:51:00 AM,CDT,Sample-Routine,Enterococcus,,5,cfu/100mL,,2,ft,21TXBCH,19299,ENTEROLERT,SPL_WTRGRB,Sample Water Grab,Water Bottle,29.29295,-94.78423
TX,2022,TX710697,25th St.,GAL046,18th/19th Streets,GALVESTON,GAL046_20221004_96474,4-Oct-22,8:51:00 AM,CDT,Sample-Routine,Enterococcus,,10,cfu/100mL,,2,ft,21TXBCH,19299,ENTEROLERT,SPL_WTRGRB,Sample Water Grab,Water Bottle,29.29295,-94.78423
TX,2022,TX710697,25th St.,GAL046,18th/19th Streets,GALVESTON,GAL046_20220927_96271,27-Sep-22,9:53:00 AM,CDT,Sample-Routine,Enterococcus,,5,cfu/100mL,,2,ft,21TXBCH,19299,ENTEROLERT,SPL_WTRGRB,Sample Water Grab,Water Bottle,29.29295,-94.78423
TX,2022,TX710697,25th St.,GAL046,18th/19th Streets,GALVESTON,GAL046_20220920_96130,20-Sep-22,8:51:00 AM,CDT,Sample-Routine,Enterococcus,,20,cfu/100mL,,2,ft,21TXBCH,19299,ENTEROLERT,SPL_WTRGRB,Sample Water Grab,Water Bottle,29.29295,-94.78423
TX,2022,TX710697,25th St.,GAL046,18th/19th Streets,GALVESTON,GAL046_20220913_95959,13-Sep-22,8:50:00 AM,CDT,Sample-Routine,Enterococcus,,10,cfu/100mL,,2,ft,21TXBCH,19299,ENTEROLERT,SPL_WTRGRB,Sample Water Grab,Water Bottle,29.29295,-94.78423
TX,2022,TX710697,25th St.,GAL046,18th/19th Streets,GALVESTON,GAL046_20220907_95800,7-Sep-22,9:01:00 AM,CDT,Sample-Routine,Enterococcus,,5,cfu/100mL,,2,ft,21TXBCH,19299,ENTEROLERT,SPL_WTRGRB,Sample Water Grab,Water Bottle,29.29295,-94.78423
TX,2022,TX710697,25th St.,GAL046,18th/19th Streets,GALVESTON,GAL046_20220831_95629,31-Aug-22,8:40:00 AM,CDT,Sample-Routine,Enterococcus,,5,cfu/100mL,,2,ft,21TXBCH,19299,ENTEROLERT,SPL_WTRGRB,Sample Water Grab,Water Bottle,29.29295,-94.78423
TX,2022,TX710697,25th St.,GAL046,18th/19th Streets,GALVESTON,GAL046_20220829_95505,29-Aug-22,9:19:00 AM,CDT,Sample-Routine,Enterococcus,,332,cfu/100mL,,2,ft,21TXBCH,19299,ENTEROLERT,SPL_WTRGRB,Sample Water Grab,Water Bottle,29.29295,-94.78423
TX,2022,TX710697,25th St.,GAL046,18th/19th Streets,GALVESTON,GAL046_20220827_95473,27-Aug-22,8:15:00 AM,CDT,Sample-Routine,Enterococcus,,143,cfu/100mL,,2,ft,21TXBCH,19299,ENTEROLERT,SPL_WTRGRB,Sample Water Grab,Water Bottle,29.29295,-94.78423
TX,2022,TX710697,25th St.,GAL046,18th/19th Streets,GALVESTON,GAL046_20220825_95457,25-Aug-22,8:31:00 AM,CDT,Sample-Routine,Enterococcus,,109,cfu/100mL,,2,ft,21TXBCH,19299,ENTEROLERT,SPL_WTRGRB,Sample Water Grab,Water Bottle,29.29295,-94.78423
TX,2022,TX710697,25th St.,GAL046,18th/19th Streets,GALVESTON,GAL046_20220823_95403,23-Aug-22,8:40:00 AM,CDT,Sample-Routine,Enterococcus,,135,cfu/100mL,,2,ft,21TXBCH,19299,ENTEROLERT,SPL_WTRGRB,Sample Water Grab,Water Bottle,29.29295,-94.78423
TX,2022,TX710697,25th St.,GAL046,18th/19th Streets,GALVESTON,GAL046_20220816_95214,16-Aug-22,8:47:00 AM,CDT,Sample-Routine,Enterococcus,,5,cfu/100mL,,2,ft,21TXBCH,19299,ENTEROLERT,SPL_WTRGRB,Sample Water Grab,Water Bottle,29.29295,-94.78423
TX,2022,TX710697,25th St.,GAL046,18th/19th Streets,GALVESTON,GAL046_20220809_95036,9-Aug-22,8:42:00 AM,CDT,Sample-Routine,Enterococcus,,31,cfu/100mL,,2,ft,21TXBCH,19299,ENTEROLERT,SPL_WTRGRB,Sample Water Grab,Water Bottle,29.29295,-94.78423
TX,2022,TX710697,25th St.,GAL046,18th/19th Streets,GALVESTON,GAL046_20220802_94873,2-Aug-22,8:42:00 AM,CDT,Sample-Routine,Enterococcus,,20,cfu/100mL,,2,ft,21TXBCH,19299,ENTEROLERT,SPL_WTRGRB,Sample Water Grab,Water Bottle,29.29295,-94.78423
TX,2022,TX710697,25th St.,GAL046,18th/19th Streets,GALVESTON,GAL046_20220726_94701,26-Jul-22,8:45:00 AM,CDT,Sample-Routine,Enterococcus,,10,cfu/100mL,,2,ft,21TXBCH,19299,ENTEROLERT,SPL_WTRGRB,Sample Water Grab,Water Bottle,29.29295,-94.78423
TX,2022,TX710697,25th St.,GAL046,18th/19th Streets,GALVESTON,GAL046_20220719_94531,19-Jul-22,8:41:00 AM,CDT,Sample-Routine,Enterococcus,,10,cfu/100mL,,2,ft,21TXBCH,19299,ENTEROLERT,SPL_WTRGRB,Sample Water Grab,Water Bottle,29.29295,-94.78423
TX,2022,TX710697,25th St.,GAL046,18th/19th Streets,GALVESTON,GAL046_20220712_94373,12-Jul-22,8:42:00 AM,CDT,Sample-Routine,Enterococcus,,20,cfu/100mL,,2,ft,21TXBCH,19299,ENTEROLERT,SPL_WTRGRB,Sample Water Grab,Water Bottle,29.29295,-94.78423
TX,2022,TX710697,25th St.,GAL046,18th/19th Streets,GALVESTON,GAL046_20220706_94239,6-Jul-22,9:03:00 AM,CDT,Sample-Routine,Enterococcus,,5,cfu/100mL,,2,ft,21TXBCH,19299,ENTEROLERT,SPL_WTRGRB,Sample Water Grab,Water Bottle,29.29295,-94.78423
TX,2022,TX710697,25th St.,GAL046,18th/19th Streets,GALVESTON,GAL046_20220628_93994,28-Jun-22,8:42:00 AM,CDT,Sample-Routine,Enterococcus,,41,cfu/100mL,,2,ft,21TXBCH,19299,ENTEROLERT,SPL_WTRGRB,Sample Water Grab,Water Bottle,29.29295,-94.78423
TX,2022,TX710697,25th St.,GAL046,18th/19th Streets,GALVESTON,GAL046_20220621_93835,21-Jun-22,8:41:00 AM,CDT,Sample-Routine,Enterococcus,,5,cfu/100mL,,2,ft,21TXBCH,19299,ENTEROLERT,SPL_WTRGRB,Sample Water Grab,Water Bottle,29.29295,-94.78423
TX,2022,TX710697,25th St.,GAL046,18th/19th Streets,GALVESTON,GAL046_20220614_93670,14-Jun-22,9:34:00 AM,CDT,Sample-Routine,Enterococcus,,41,cfu/100mL,,2,ft,21TXBCH,19299,ENTEROLERT,SPL_WTRGRB,Sample Water Grab,Water Bottle,29.29295,-94.78423
TX,2022,TX710697,25th St.,GAL046,18th/19th Streets,GALVESTON,GAL046_20220607_93472,7-Jun-22,8:42:00 AM,CDT,Sample-Routine,Enterococcus,,5,cfu/100mL,,2,ft,21TXBCH,19299,ENTEROLERT,SPL_WTRGRB,Sample Water Grab,Water Bottle,29.29295,-94.78423
TX,2022,TX710697,25th St.,GAL046,18th/19th Streets,GALVESTON,GAL046_20220531_93283,31-May-22,9:00:00 AM,CDT,Sample-Routine,Enterococcus,,10,cfu/100mL,,2,ft,21TXBCH,19299,ENTEROLERT,SPL_WTRGRB,Sample Water Grab,Water Bottle,29.29295,-94.78423
TX,2022,TX710697,25th St.,GAL046,18th/19th Streets,GALVESTON,GAL046_20220524_93103,24-May-22,9:00:00 AM,CDT,Sample-Routine,Enterococcus,,5,cfu/100mL,,2,ft,21TXBCH,19299,ENTEROLERT,SPL_WTRGRB,Sample Water Grab,Water Bottle,29.29295,-94.78423
TX,2022,TX710697,25th St.,GAL046,18th/19th Streets,GALVESTON,GAL046_20220517_92969,17-May-22,9:00:00 AM,CDT,Sample-Routine,Enterococcus,,20,cfu/100mL,,2,ft,21TXBCH,19299,ENTEROLERT,SPL_WTRGRB,Sample Water Grab,Water Bottle,29.29295,-94.78423
TX,2022,TX710697,25th St.,GAL046,18th/19th Streets,GALVESTON,GAL046_20220510_92762,10-May-22,9:00:00 AM,CDT,Sample-Routine,Enterococcus,,10,cfu/100mL,,2,ft,21TXBCH,19299,ENTEROLERT,SPL_WTRGRB,Sample Water Grab,Water Bottle,29.29295,-94.78423
TX,2022,TX710697,25th St.,GAL046,18th/19th Streets,GALVESTON,GAL046_20220504_92644,4-May-22,9:00:00 AM,CDT,Sample-Routine,Enterococcus,,20,cfu/100mL,,2,ft,21TXBCH,19299,ENTEROLERT,SPL_WTRGRB,Sample Water Grab,Water Bottle,29.29295,-94.78423
TX,2022,TX710697,25th St.,GAL046,18th/19th Streets,GALVESTON,GAL046_20220426_92459,26-Apr-22,9:00:00 AM,CDT,Sample-Routine,Enterococcus,,10,cfu/100mL,,2,ft,21TXBCH,19299,ENTEROLERT,SPL_WTRGRB,Sample Water Grab,Water Bottle,29.29295,-94.78423
TX,2022,TX710697,25th St.,GAL046,18th/19th Streets,GALVESTON,GAL046_20220412_92301,12-Apr-22,9:00:00 AM,CDT,Sample-Routine,Enterococcus,,10,cfu/100mL,,2,ft,21TXBCH,19299,ENTEROLERT,SPL_WTRGRB,Sample Water Grab,Water Bottle,29.29295,-94.78423
TX,2022,TX710697,25th St.,GAL046,18th/19th Streets,GALVESTON,GAL046_20220329_92143,29-Mar-22,9:00:00 AM,CDT,Sample-Routine,Enterococcus,,10,cfu/100mL,,2,ft,21TXBCH,19299,ENTEROLERT,SPL_WTRGRB,Sample Water Grab,Water Bottle,29.29295,-94.78423
TX,2022,TX710697,25th St.,GAL046,18th/19th Streets,GALVESTON,GAL046_20220329_92143,29-Mar-22,9:00:00 AM,CDT,Sample-Routine,Enterococcus,,31,cfu/100mL,,2,ft,21TXBCH,19299,ENTEROLERT,SPL_WTRGRB,Sample Water Grab,Water Bottle,29.29295,-94.78423
TX,2022,TX710697,25th St.,GAL046,18th/19th Streets,GALVESTON,GAL046_20220325_92024,25-Mar-22,9:00:00 AM,CDT,Sample-Routine,Enterococcus,,20,cfu/100mL,,2,ft,21TXBCH,19299,ENTEROLERT,SPL_WTRGRB,Sample Water Grab,Water Bottle,29.29295,-94.78423
TX,2022,TX710697,25th St.,GAL046,18th/19th Streets,GALVESTON,GAL046_20220323_91964,23-Mar-22,9:00:00 AM,CDT,Sample-Routine,Enterococcus,,132,cfu/100mL,,2,ft,21TXBCH,19299,ENTEROLERT,SPL_WTRGRB,Sample Water Grab,Water Bottle,29.29295,-94.78423
TX,2022,TX710697,25th St.,GAL046,18th/19th Streets,GALVESTON,GAL046_20220315_91754,15-Mar-22,9:00:00 AM,CDT,Sample-Routine,Enterococcus,,10,cfu/100mL,,2,ft,21TXBCH,19299,ENTEROLERT,SPL_WTRGRB,Sample Water Grab,Water Bottle,29.29295,-94.78423
TX,2022,TX710697,25th St.,GAL046,18th/19th Streets,GALVESTON,GAL046_20220308_91583,8-Mar-22,9:00:00 AM,CDT,Sample-Routine,Enterococcus,,20,cfu/100mL,,2,ft,21TXBCH,19299,ENTEROLERT,SPL_WTRGRB,Sample Water Grab,Water Bottle,29.29295,-94.78423
TX,2022,TX710697,25th St.,GAL046,18th/19th Streets,GALVESTON,GAL046_20220222_91411,22-Feb-22,9:00:00 AM,CDT,Sample-Routine,Enterococcus,,5,cfu/100mL,,2,ft,21TXBCH,19299,ENTEROLERT,SPL_WTRGRB,Sample Water Grab,Water Bottle,29.29295,-94.78423
TX,2022,TX710697,25th St.,GAL046,18th/19th Streets,GALVESTON,GAL046_20220208_91244,8-Feb-22,9:00:00 AM,CDT,Sample-Routine,Enterococcus,,10,cfu/100mL,,2,ft,21TXBCH,19299,ENTEROLERT,SPL_WTRGRB,Sample Water Grab,Water Bottle,29.29295,-94.78423
TX,2022,TX710697,25th St.,GAL046,18th/19th Streets,GALVESTON,GAL046_20220125_91051,25-Jan-22,9:00:00 AM,CDT,Sample-Routine,Enterococcus,,10,cfu/100mL,,2,ft,21TXBCH,19299,ENTEROLERT,SPL_WTRGRB,Sample Water Grab,Water Bottle,29.29295,-94.78423
TX,2022,TX710697,25th St.,GAL046,18th/19th Streets,GALVESTON,GAL046_20220111_90902,11-Jan-22,9:00:00 AM,CDT,Sample-Routine,Enterococcus,,5,cfu/100mL,,2,ft,21TXBCH,19299,ENTEROLERT,SPL_WTRGRB,Sample Water Grab,Water Bottle,29.29295,-94.78423
TX,2022,TX486021,61st St.,GAL036,53rd St.,GALVESTON,GAL036_20221220_97515,20-Dec-22,8:11:00 AM,CDT,Sample-Routine,Enterococcus,,20,cfu/100mL,,2,ft,21TXBCH,19299,ENTEROLERT,SPL_WTRGRB,Sample Water Grab,Water Bottle,29.27126,-94.81735
TX,2022,TX486021,61st St.,GAL036,53rd St.,GALVESTON,GAL036_20221206_97346,6-Dec-22,8:20:00 AM,CDT,Sample-Routine,Enterococcus,,5,cfu/100mL,,2,ft,21TXBCH,19299,ENTEROLERT,SPL_WTRGRB,Sample Water Grab,Water Bottle,29.27126,-94.81735
TX,2022,TX486021,61st St.,GAL036,53rd St.,GALVESTON,GAL036_20221122_97195,22-Nov-22,8:19:00 AM,CDT,Sample-Routine,Enterococcus,,10,cfu/100mL,,2,ft,21TXBCH,19299,ENTEROLERT,SPL_WTRGRB,Sample Water Grab,Water Bottle,29.27126,-94.81735
TX,2022,TX486021,61st St.,GAL036,53rd St.,GALVESTON,GAL036_20221108_96993,8-Nov-22,8:19:00 AM,CDT,Sample-Routine,Enterococcus,,20,cfu/100mL,,2,ft,21TXBCH,19299,ENTEROLERT,SPL_WTRGRB,Sample Water Grab,Water Bottle,29.27126,-94.81735
TX,2022,TX486021,61st St.,GAL036,53rd St.,GALVESTON,GAL036_20221025_96792,25-Oct-22,8:19:00 AM,CDT,Sample-Routine,Enterococcus,,10,cfu/100mL,,2,ft,21TXBCH,19299,ENTEROLERT,SPL_WTRGRB,Sample Water Grab,Water Bottle,29.27126,-94.81735
TX,2022,TX486021,61st St.,GAL036,53rd St.,GALVESTON,GAL036_20221011_96633,11-Oct-22,8:19:00 AM,CDT,Sample-Routine,Enterococcus,,31,cfu/100mL,,2,ft,21TXBCH,19299,ENTEROLERT,SPL_WTRGRB,Sample Water Grab,Water Bottle,29.27126,-94.81735
TX,2022,TX486021,61st St.,GAL036,53rd St.,GALVESTON,GAL036_20221004_96464,4-Oct-22,8:20:00 AM,CDT,Sample-Routine,Enterococcus,,5,cfu/100mL,,2,ft,21TXBCH,19299,ENTEROLERT,SPL_WTRGRB,Sample Water Grab,Water Bottle,29.27126,-94.81735
TX,2022,TX486021,61st St.,GAL036,53rd St.,GALVESTON,GAL036_20220927_96261,27-Sep-22,9:20:00 AM,CDT,Sample-Routine,Enterococcus,,41,cfu/100mL,,2,ft,21TXBCH,19299,ENTEROLERT,SPL_WTRGRB,Sample Water Grab,Water Bottle,29.27126,-94.81735
TX,2022,TX486021,61st St.,GAL036,53rd St.,GALVESTON,GAL036_20220920_96122,20-Sep-22,8:19:00 AM,CDT,Sample-Routine,Enterococcus,,5,cfu/100mL,,2,ft,21TXBCH,19299,ENTEROLERT,SPL_WTRGRB,Sample Water Grab,Water Bottle,29.27126,-94.81735
TX,2022,TX486021,61st St.,GAL036,53rd St.,GALVESTON,GAL036_20220913_95952,13-Sep-22,8:20:00 AM,CDT,Sample-Routine,Enterococcus,,5,cfu/100mL,,2,ft,21TXBCH,19299,ENTEROLERT,SPL_WTRGRB,Sample Water Grab,Water Bottle,29.27126,-94.81735
TX,2022,TX486021,61st St.,GAL036,53rd St.,GALVESTON,GAL036_20220907_95794,7-Sep-22,8:12:00 AM,CDT,Sample-Routine,Enterococcus,,41,cfu/100mL,,2,ft,21TXBCH,19299,ENTEROLERT,SPL_WTRGRB,Sample Water Grab,Water Bottle,29.27126,-94.81735
TX,2022,TX486021,61st St.,GAL036,53rd St.,GALVESTON,GAL036_20220907_95794,7-Sep-22,8:12:00 AM,CDT,Sample-Routine,Enterococcus,,31,cfu/100mL,,2,ft,21TXBCH,19299,ENTEROLERT,SPL_WTRGRB,Sample Water Grab,Water Bottle,29.27126,-94.81735
TX,2022,TX486021,61st St.,GAL036,53rd St.,GALVESTON,GAL036_20220831_95622,31-Aug-22,8:08:00 AM,CDT,Sample-Routine,Enterococcus,,20,cfu/100mL,,2,ft,21TXBCH,19299,ENTEROLERT,SPL_WTRGRB,Sample Water Grab,Water Bottle,29.27126,-94.81735
TX,2022,TX486021,61st St.,GAL036,53rd St.,GALVESTON,GAL036_20220823_95391,23-Aug-22,8:07:00 AM,CDT,Sample-Routine,Enterococcus,,10,cfu/100mL,,2,ft,21TXBCH,19299,ENTEROLERT,SPL_WTRGRB,Sample Water Grab,Water Bottle,29.27126,-94.81735
TX,2022,TX486021,61st St.,GAL036,53rd St.,GALVESTON,GAL036_20220816_95207,16-Aug-22,8:10:00 AM,CDT,Sample-Routine,Enterococcus,,10,cfu/100mL,,2,ft,21TXBCH,19299,ENTEROLERT,SPL_WTRGRB,Sample Water Grab,Water Bottle,29.27126,-94.81735
TX,2022,TX486021,61st St.,GAL036,53rd St.,GALVESTON,GAL036_20220809_95029,9-Aug-22,8:08:00 AM,CDT,Sample-Routine,Enterococcus,,5,cfu/100mL,,2,ft,21TXBCH,19299,ENTEROLERT,SPL_WTRGRB,Sample Water Grab,Water Bottle,29.27126,-94.81735
TX,2022,TX486021,61st St.,GAL036,53rd St.,GALVESTON,GAL036_20220802_94866,2-Aug-22,8:08:00 AM,CDT,Sample-Routine,Enterococcus,,5,cfu/100mL,,2,ft,21TXBCH,19299,ENTEROLERT,SPL_WTRGRB,Sample Water Grab,Water Bottle,29.27126,-94.81735
TX,2022,TX486021,61st St.,GAL036,53rd St.,GALVESTON,GAL036_20220726_94694,26-Jul-22,8:08:00 AM,CDT,Sample-Routine,Enterococcus,,63,cfu/100mL,,2,ft,21TXBCH,19299,ENTEROLERT,SPL_WTRGRB,Sample Water Grab,Water Bottle,29.27126,-94.81735
TX,2022,TX486021,61st St.,GAL036,53rd St.,GALVESTON,GAL036_20220719_94524,19-Jul-22,8:08:00 AM,CDT,Sample-Routine,Enterococcus,,5,cfu/100mL,,2,ft,21TXBCH,19299,ENTEROLERT,SPL_WTRGRB,Sample Water Grab,Water Bottle,29.27126,-94.81735
TX,2022,TX486021,61st St.,GAL036,53rd St.,GALVESTON,GAL036_20220712_94366,12-Jul-22,8:08:00 AM,CDT,Sample-Routine,Enterococcus,,96,cfu/100mL,,2,ft,21TXBCH,19299,ENTEROLERT,SPL_WTRGRB,Sample Water Grab,Water Bottle,29.27126,-94.81735
TX,2022,TX486021,61st St.,GAL036,53rd St.,GALVESTON,GAL036_20220706_94232,6-Jul-22,8:09:00 AM,CDT,Sample-Routine,Enterococcus,,20,cfu/100mL,,2,ft,21TXBCH,19299,ENTEROLERT,SPL_WTRGRB,Sample Water Grab,Water Bottle,29.27126,-94.81735
TX,2022,TX486021,61st St.,GAL036,53rd St.,GALVESTON,GAL036_20220630_94048,30-Jun-22,10:26:00 AM,CDT,Sample-Routine,Enterococcus,,52,cfu/100mL,,2,ft,21TXBCH,19299,ENTEROLERT,SPL_WTRGRB,Sample Water Grab,Water Bottle,29.27126,-94.81735
TX,2022,TX486021,61st St.,GAL036,53rd St.,GALVESTON,GAL036_20220628_93987,28-Jun-22,8:08:00 AM,CDT,Sample-Routine,Enterococcus,,115,cfu/100mL,,2,ft,21TXBCH,19299,ENTEROLERT,SPL_WTRGRB,Sample Water Grab,Water Bottle,29.27126,-94.81735
TX,2022,TX486021,61st St.,GAL036,53rd St.,GALVESTON,GAL036_20220621_93828,21-Jun-22,8:08:00 AM,CDT,Sample-Routine,Enterococcus,,5,cfu/100mL,,2,ft,21TXBCH,19299,ENTEROLERT,SPL_WTRGRB,Sample Water Grab,Water Bottle,29.27126,-94.81735
TX,2022,TX486021,61st St.,GAL036,53rd St.,GALVESTON,GAL036_20220614_93664,14-Jun-22,8:20:00 AM,CDT,Sample-Routine,Enterococcus,,31,cfu/100mL,,2,ft,21TXBCH,19299,ENTEROLERT,SPL_WTRGRB,Sample Water Grab,Water Bottle,29.27126,-94.81735
TX,2022,TX486021,61st St.,GAL036,53rd St.,GALVESTON,GAL036_20220607_93465,7-Jun-22,8:08:00 AM,CDT,Sample-Routine,Enterococcus,,52,cfu/100mL,,2,ft,21TXBCH,19299,ENTEROLERT,SPL_WTRGRB,Sample Water Grab,Water Bottle,29.27126,-94.81735
TX,2022,TX486021,61st St.,GAL036,53rd St.,GALVESTON,GAL036_20220607_93465,7-Jun-22,8:08:00 AM,CDT,Sample-Routine,Enterococcus,,20,cfu/100mL,,2,ft,21TXBCH,19299,ENTEROLERT,SPL_WTRGRB,Sample Water Grab,Water Bottle,29.27126,-94.81735
TX,2022,TX486021,61st St.,GAL036,53rd St.,GALVESTON,GAL036_20220531_93277,31-May-22,9:00:00 AM,CDT,Sample-Routine,Enterococcus,,10,cfu/100mL,,2,ft,21TXBCH,19299,ENTEROLERT,SPL_WTRGRB,Sample Water Grab,Water Bottle,29.27126,-94.81735
TX,2022,TX486021,61st St.,GAL036,53rd St.,GALVESTON,GAL036_20220524_93097,24-May-22,9:00:00 AM,CDT,Sample-Routine,Enterococcus,,5,cfu/100mL,,2,ft,21TXBCH,19299,ENTEROLERT,SPL_WTRGRB,Sample Water Grab,Water Bottle,29.27126,-94.81735
TX,2022,TX486021,61st St.,GAL036,53rd St.,GALVESTON,GAL036_20220517_92962,17-May-22,9:00:00 AM,CDT,Sample-Routine,Enterococcus,,41,cfu/100mL,,2,ft,21TXBCH,19299,ENTEROLERT,SPL_WTRGRB,Sample Water Grab,Water Bottle,29.27126,-94.81735
TX,2022,TX486021,61st St.,GAL036,53rd St.,GALVESTON,GAL036_20220510_92755,10-May-22,9:00:00 AM,CDT,Sample-Routine,Enterococcus,,10,cfu/100mL,,2,ft,21TXBCH,19299,ENTEROLERT,SPL_WTRGRB,Sample Water Grab,Water Bottle,29.27126,-94.81735
TX,2022,TX486021,61st St.,GAL036,53rd St.,GALVESTON,GAL036_20220510_92755,10-May-22,9:00:00 AM,CDT,Sample-Routine,Enterococcus,,5,cfu/100mL,,2,ft,21TXBCH,19299,ENTEROLERT,SPL_WTRGRB,Sample Water Grab,Water Bottle,29.27126,-94.81735
TX,2022,TX486021,61st St.,GAL036,53rd St.,GALVESTON,GAL036_20220504_92655,4-May-22,9:00:00 AM,CDT,Sample-Routine,Enterococcus,,5,cfu/100mL,,2,ft,21TXBCH,19299,ENTEROLERT,SPL_WTRGRB,Sample Water Grab,Water Bottle,29.27126,-94.81735
TX,2022,TX486021,61st St.,GAL036,53rd St.,GALVESTON,GAL036_20220426_92452,26-Apr-22,9:00:00 AM,CDT,Sample-Routine,Enterococcus,,20,cfu/100mL,,2,ft,21TXBCH,19299,ENTEROLERT,SPL_WTRGRB,Sample Water Grab,Water Bottle,29.27126,-94.81735
TX,2022,TX486021,61st St.,GAL036,53rd St.,GALVESTON,GAL036_20220412_92294,12-Apr-22,9:00:00 AM,CDT,Sample-Routine,Enterococcus,,10,cfu/100mL,,2,ft,21TXBCH,19299,ENTEROLERT,SPL_WTRGRB,Sample Water Grab,Water Bottle,29.27126,-94.81735
TX,2022,TX486021,61st St.,GAL036,53rd St.,GALVESTON,GAL036_20220329_92136,29-Mar-22,9:00:00 AM,CDT,Sample-Routine,Enterococcus,,31,cfu/100mL,,2,ft,21TXBCH,19299,ENTEROLERT,SPL_WTRGRB,Sample Water Grab,Water Bottle,29.27126,-94.81735
TX,2022,TX486021,61st St.,GAL036,53rd St.,GALVESTON,GAL036_20220325_92019,25-Mar-22,9:00:00 AM,CDT,Sample-Routine,Enterococcus,,85,cfu/100mL,,2,ft,21TXBCH,19299,ENTEROLERT,SPL_WTRGRB,Sample Water Grab,Water Bottle,29.27126,-94.81735
TX,2022,TX486021,61st St.,GAL036,53rd St.,GALVESTON,GAL036_20220323_91980,23-Mar-22,9:00:00 AM,CDT,Sample-Routine,Enterococcus,,110,cfu/100mL,,2,ft,21TXBCH,19299,ENTEROLERT,SPL_WTRGRB,Sample Water Grab,Water Bottle,29.27126,-94.81735
TX,2022,TX486021,61st St.,GAL036,53rd St.,GALVESTON,GAL036_20220315_91747,15-Mar-22,9:00:00 AM,CDT,Sample-Routine,Enterococcus,,20,cfu/100mL,,2,ft,21TXBCH,19299,ENTEROLERT,SPL_WTRGRB,Sample Water Grab,Water Bottle,29.27126,-94.81735
TX,2022,TX486021,61st St.,GAL036,53rd St.,GALVESTON,GAL036_20220308_91576,8-Mar-22,9:00:00 AM,CDT,Sample-Routine,Enterococcus,,31,cfu/100mL,,2,ft,21TXBCH,19299,ENTEROLERT,SPL_WTRGRB,Sample Water Grab,Water Bottle,29.27126,-94.81735
TX,2022,TX486021,61st St.,GAL036,53rd St.,GALVESTON,GAL036_20220222_91404,22-Feb-22,9:00:00 AM,CDT,Sample-Routine,Enterococcus,,10,cfu/100mL,,2,ft,21TXBCH,19299,ENTEROLERT,SPL_WTRGRB,Sample Water Grab,Water Bottle,29.27126,-94.81735
TX,2022,TX486021,61st St.,GAL036,53rd St.,GALVESTON,GAL036_20220208_91237,8-Feb-22,9:00:00 AM,CDT,Sample-Routine,Enterococcus,,5,cfu/100mL,,2,ft,21TXBCH,19299,ENTEROLERT,SPL_WTRGRB,Sample Water Grab,Water Bottle,29.27126,-94.81735
TX,2022,TX486021,61st St.,GAL036,53rd St.,GALVESTON,GAL036_20220125_91044,25-Jan-22,9:00:00 AM,CDT,Sample-Routine,Enterococcus,,20,cfu/100mL,,2,ft,21TXBCH,19299,ENTEROLERT,SPL_WTRGRB,Sample Water Grab,Water Bottle,29.27126,-94.81735
TX,2022,TX486021,61st St.,GAL036,53rd St.,GALVESTON,GAL036_20220111_90895,11-Jan-22,9:00:00 AM,CDT,Sample-Routine,Enterococcus,,10,cfu/100mL,,2,ft,21TXBCH,19299,ENTEROLERT,SPL_WTRGRB,Sample Water Grab,Water Bottle,29.27126,-94.81735
TX,2022,TX486021,61st St.,GAL084,81st Street,GALVESTON,GAL084_20221221_97591,21-Dec-22,9:49:00 AM,CDT,Sample-Routine,Enterococcus,,10,cfu/100mL,,2,ft,21TXBCH,19299,ENTEROLERT,SPL_WTRGRB,Sample Water Grab,Water Bottle,29.25586,-94.84511
TX,2022,TX486021,61st St.,GAL084,81st Street,GALVESTON,GAL084_20221206_97343,6-Dec-22,8:04:00 AM,CDT,Sample-Routine,Enterococcus,,20,cfu/100mL,,2,ft,21TXBCH,19299,ENTEROLERT,SPL_WTRGRB,Sample Water Grab,Water Bottle,29.25586,-94.84511
TX,2022,TX486021,61st St.,GAL084,81st Street,GALVESTON,GAL084_20221122_97192,22-Nov-22,8:04:00 AM,CDT,Sample-Routine,Enterococcus,,5,cfu/100mL,,2,ft,21TXBCH,19299,ENTEROLERT,SPL_WTRGRB,Sample Water Grab,Water Bottle,29.25586,-94.84511
TX,2022,TX486021,61st St.,GAL084,81st Street,GALVESTON,GAL084_20221108_96990,8-Nov-22,8:04:00 AM,CDT,Sample-Routine,Enterococcus,,5,cfu/100mL,,2,ft,21TXBCH,19299,ENTEROLERT,SPL_WTRGRB,Sample Water Grab,Water Bottle,29.25586,-94.84511
TX,2022,TX486021,61st St.,GAL084,81st Street,GALVESTON,GAL084_20221025_96809,25-Oct-22,8:04:00 AM,CDT,Sample-Routine,Enterococcus,,5,cfu/100mL,,2,ft,21TXBCH,19299,ENTEROLERT,SPL_WTRGRB,Sample Water Grab,Water Bottle,29.25586,-94.84511
TX,2022,TX486021,61st St.,GAL084,81st Street,GALVESTON,GAL084_20221011_96650,11-Oct-22,8:04:00 AM,CDT,Sample-Routine,Enterococcus,,5,cfu/100mL,,2,ft,21TXBCH,19299,ENTEROLERT,SPL_WTRGRB,Sample Water Grab,Water Bottle,29.25586,-94.84511
TX,2022,TX486021,61st St.,GAL084,81st Street,GALVESTON,GAL084_20221004_96481,4-Oct-22,8:04:00 AM,CDT,Sample-Routine,Enterococcus,,5,cfu/100mL,,2,ft,21TXBCH,19299,ENTEROLERT,SPL_WTRGRB,Sample Water Grab,Water Bottle,29.25586,-94.84511
TX,2022,TX486021,61st St.,GAL084,81st Street,GALVESTON,GAL084_20220927_96278,27-Sep-22,9:02:00 AM,CDT,Sample-Routine,Enterococcus,,10,cfu/100mL,,2,ft,21TXBCH,19299,ENTEROLERT,SPL_WTRGRB,Sample Water Grab,Water Bottle,29.25586,-94.84511
TX,2022,TX486021,61st St.,GAL084,81st Street,GALVESTON,GAL084_20220920_96119,20-Sep-22,8:04:00 AM,CDT,Sample-Routine,Enterococcus,,30,cfu/100mL,,2,ft,21TXBCH,19299,ENTEROLERT,SPL_WTRGRB,Sample Water Grab,Water Bottle,29.25586,-94.84511
TX,2022,TX751320,Pirates Beach,GAL023,Pirates Drive,GALVESTON,GAL023_20221221_97608,21-Dec-22,9:05:00 AM,CDT,Sample-Routine,Enterococcus,,10,cfu/100mL,,2,ft,21TXBCH,19299,ENTEROLERT,SPL_WTRGRB,Sample Water Grab,Water Bottle,29.20126,-94.93818
TX,2022,TX751320,Pirates Beach,GAL023,Pirates Drive,GALVESTON,GAL023_20221207_97420,7-Dec-22,9:05:00 AM,CDT,Sample-Routine,Enterococcus,,5,cfu/100mL,,2,ft,21TXBCH,19299,ENTEROLERT,SPL_WTRGRB,Sample Water Grab,Water Bottle,29.20126,-94.93818
TX,2022,TX751320,Pirates Beach,GAL023,Pirates Drive,GALVESTON,GAL023_20221121_97142,21-Nov-22,9:30:00 AM,CDT,Sample-Routine,Enterococcus,,20,cfu/100mL,,2,ft,21TXBCH,19299,ENTEROLERT,SPL_WTRGRB,Sample Water Grab,Water Bottle,29.20126,-94.93818
TX,2022,TX751320,Pirates Beach,GAL023,Pirates Drive,GALVESTON,GAL023_20221109_97063,9-Nov-22,9:05:00 AM,CDT,Sample-Routine,Enterococcus,,5,cfu/100mL,,2,ft,21TXBCH,19299,ENTEROLERT,SPL_WTRGRB,Sample Water Grab,Water Bottle,29.20126,-94.93818
TX,2022,TX751320,Pirates Beach,GAL023,Pirates Drive,GALVESTON,GAL023_20221026_96864,26-Oct-22,9:07:00 AM,CDT,Sample-Routine,Enterococcus,,5,cfu/100mL,,2,ft,21TXBCH,19299,ENTEROLERT,SPL_WTRGRB,Sample Water Grab,Water Bottle,29.20126,-94.93818
TX,2022,TX751320,Pirates Beach,GAL023,Pirates Drive,GALVESTON,GAL023_20221012_96710,12-Oct-22,9:05:00 AM,CDT,Sample-Routine,Enterococcus,,5,cfu/100mL,,2,ft,21TXBCH,19299,ENTEROLERT,SPL_WTRGRB,Sample Water Grab,Water Bottle,29.20126,-94.93818
TX,2022,TX751320,Pirates Beach,GAL023,Pirates Drive,GALVESTON,GAL023_20221005_96538,5-Oct-22,9:06:00 AM,CDT,Sample-Routine,Enterococcus,,10,cfu/100mL,,2,ft,21TXBCH,19299,ENTEROLERT,SPL_WTRGRB,Sample Water Grab,Water Bottle,29.20126,-94.93818
TX,2022,TX751320,Pirates Beach,GAL023,Pirates Drive,GALVESTON,GAL023_20220928_96323,28-Sep-22,10:11:00 AM,CDT,Sample-Routine,Enterococcus,,10,cfu/100mL,,2,ft,21TXBCH,19299,ENTEROLERT,SPL_WTRGRB,Sample Water Grab,Water Bottle,29.20126,-94.93818
TX,2022,TX751320,Pirates Beach,GAL023,Pirates Drive,GALVESTON,GAL023_20220921_96180,21-Sep-22,9:06:00 AM,CDT,Sample-Routine,Enterococcus,,5,cfu/100mL,,2,ft,21TXBCH,19299,ENTEROLERT,SPL_WTRGRB,Sample Water Grab,Water Bottle,29.20126,-94.93818
TX,2022,TX751320,Pirates Beach,GAL023,Pirates Drive,GALVESTON,GAL023_20220914_96007,14-Sep-22,9:07:00 AM,CDT,Sample-Routine,Enterococcus,,5,cfu/100mL,,2,ft,21TXBCH,19299,ENTEROLERT,SPL_WTRGRB,Sample Water Grab,Water Bottle,29.20126,-94.93818
TX,2022,TX751320,Pirates Beach,GAL023,Pirates Drive,GALVESTON,GAL023_20220907_95789,7-Sep-22,9:18:00 AM,CDT,Sample-Routine,Enterococcus,,5,cfu/100mL,,2,ft,21TXBCH,19299,ENTEROLERT,SPL_WTRGRB,Sample Water Grab,Water Bottle,29.20126,-94.93818
TX,2022,TX751320,Pirates Beach,GAL023,Pirates Drive,GALVESTON,GAL023_20220831_95617,31-Aug-22,9:18:00 AM,CDT,Sample-Routine,Enterococcus,,5,cfu/100mL,,2,ft,21TXBCH,19299,ENTEROLERT,SPL_WTRGRB,Sample Water Grab,Water Bottle,29.20126,-94.93818
TX,2022,TX751320,Pirates Beach,GAL023,Pirates Drive,GALVESTON,GAL023_20220829_95504,29-Aug-22,8:23:00 AM,CDT,Sample-Routine,Enterococcus,,311,cfu/100mL,,2,ft,21TXBCH,19299,ENTEROLERT,SPL_WTRGRB,Sample Water Grab,Water Bottle,29.20126,-94.93818
TX,2022,TX751320,Pirates Beach,GAL023,Pirates Drive,GALVESTON,GAL023_20220826_95466,26-Aug-22,8:19:00 AM,CDT,Sample-Routine,Enterococcus,,174,cfu/100mL,,2,ft,21TXBCH,19299,ENTEROLERT,SPL_WTRGRB,Sample Water Grab,Water Bottle,29.20126,-94.93818
TX,2022,TX751320,Pirates Beach,GAL023,Pirates Drive,GALVESTON,GAL023_20220824_95450,24-Aug-22,9:04:00 AM,CDT,Sample-Routine,Enterococcus,,193,cfu/100mL,,2,ft,21TXBCH,19299,ENTEROLERT,SPL_WTRGRB,Sample Water Grab,Water Bottle,29.20126,-94.93818
TX,2022,TX751320,Pirates Beach,GAL023,Pirates Drive,GALVESTON,GAL023_20220817_95264,17-Aug-22,9:05:00 AM,CDT,Sample-Routine,Enterococcus,,5,cfu/100mL,,2,ft,21TXBCH,19299,ENTEROLERT,SPL_WTRGRB,Sample Water Grab,Water Bottle,29.20126,-94.93818
TX,2022,TX751320,Pirates Beach,GAL023,Pirates Drive,GALVESTON,GAL023_20220810_95097,10-Aug-22,9:05:00 AM,CDT,Sample-Routine,Enterococcus,,10,cfu/100mL,,2,ft,21TXBCH,19299,ENTEROLERT,SPL_WTRGRB,Sample Water Grab,Water Bottle,29.20126,-94.93818
TX,2022,TX751320,Pirates Beach,GAL023,Pirates Drive,GALVESTON,GAL023_20220803_94946,3-Aug-22,9:12:00 AM,CDT,Sample-Routine,Enterococcus,,5,cfu/100mL,,2,ft,21TXBCH,19299,ENTEROLERT,SPL_WTRGRB,Sample Water Grab,Water Bottle,29.20126,-94.93818
TX,2022,TX751320,Pirates Beach,GAL023,Pirates Drive,GALVESTON,GAL023_20220727_94766,27-Jul-22,9:07:00 AM,CDT,Sample-Routine,Enterococcus,,5,cfu/100mL,,2,ft,21TXBCH,19299,ENTEROLERT,SPL_WTRGRB,Sample Water Grab,Water Bottle,29.20126,-94.93818
TX,2022,TX751320,Pirates Beach,GAL023,Pirates Drive,GALVESTON,GAL023_20220720_94597,20-Jul-22,9:06:00 AM,CDT,Sample-Routine,Enterococcus,,10,cfu/100mL,,2,ft,21TXBCH,19299,ENTEROLERT,SPL_WTRGRB,Sample Water Grab,Water Bottle,29.20126,-94.93818
TX,2022,TX751320,Pirates Beach,GAL023,Pirates Drive,GALVESTON,GAL023_20220713_94428,13-Jul-22,9:07:00 AM,CDT,Sample-Routine,Enterococcus,,10,cfu/100mL,,2,ft,21TXBCH,19299,ENTEROLERT,SPL_WTRGRB,Sample Water Grab,Water Bottle,29.20126,-94.93818
TX,2022,TX751320,Pirates Beach,GAL023,Pirates Drive,GALVESTON,GAL023_20220706_94222,6-Jul-22,9:09:00 AM,CDT,Sample-Routine,Enterococcus,,10,cfu/100mL,,2,ft,21TXBCH,19299,ENTEROLERT,SPL_WTRGRB,Sample Water Grab,Water Bottle,29.20126,-94.93818
TX,2022,TX751320,Pirates Beach,GAL023,Pirates Drive,GALVESTON,GAL023_20220706_94222,6-Jul-22,9:09:00 AM,CDT,Sample-Routine,Enterococcus,,5,cfu/100mL,,2,ft,21TXBCH,19299,ENTEROLERT,SPL_WTRGRB,Sample Water Grab,Water Bottle,29.20126,-94.93818
TX,2022,TX751320,Pirates Beach,GAL023,Pirates Drive,GALVESTON,GAL023_20220704_94083,27-Apr-22,9:00:00 AM,CDT,Sample-Routine,Enterococcus,,5,cfu/100mL,,2,ft,21TXBCH,19299,ENTEROLERT,SPL_WTRGRB,Sample Water Grab,Water Bottle,29.20126,-94.93818
TX,2022,TX751320,Pirates Beach,GAL023,Pirates Drive,GALVESTON,GAL023_20220701_94060,1-Jul-22,8:14:00 AM,CDT,Sample-Routine,Enterococcus,,98,cfu/100mL,,2,ft,21TXBCH,19299,ENTEROLERT,SPL_WTRGRB,Sample Water Grab,Water Bottle,29.20126,-94.93818
TX,2022,TX751320,Pirates Beach,GAL023,Pirates Drive,GALVESTON,GAL023_20220622_93892,22-Jun-22,9:07:00 AM,CDT,Sample-Routine,Enterococcus,,10,cfu/100mL,,2,ft,21TXBCH,19299,ENTEROLERT,SPL_WTRGRB,Sample Water Grab,Water Bottle,29.20126,-94.93818
TX,2022,TX751320,Pirates Beach,GAL023,Pirates Drive,GALVESTON,GAL023_20220615_93724,15-Jun-22,9:29:00 AM,CDT,Sample-Routine,Enterococcus,,31,cfu/100mL,,2,ft,21TXBCH,19299,ENTEROLERT,SPL_WTRGRB,Sample Water Grab,Water Bottle,29.20126,-94.93818
TX,2022,TX751320,Pirates Beach,GAL023,Pirates Drive,GALVESTON,GAL023_20220615_93724,15-Jun-22,9:29:00 AM,CDT,Sample-Routine,Enterococcus,,10,cfu/100mL,,2,ft,21TXBCH,19299,ENTEROLERT,SPL_WTRGRB,Sample Water Grab,Water Bottle,29.20126,-94.93818
TX,2022,TX751320,Pirates Beach,GAL023,Pirates Drive,GALVESTON,GAL023_20220608_93536,8-Jun-22,9:10:00 AM,CDT,Sample-Routine,Enterococcus,,10,cfu/100mL,,2,ft,21TXBCH,19299,ENTEROLERT,SPL_WTRGRB,Sample Water Grab,Water Bottle,29.20126,-94.93818
TX,2022,TX751320,Pirates Beach,GAL023,Pirates Drive,GALVESTON,GAL023_20220601_93350,1-Jun-22,9:00:00 AM,CDT,Sample-Routine,Enterococcus,,5,cfu/100mL,,2,ft,21TXBCH,19299,ENTEROLERT,SPL_WTRGRB,Sample Water Grab,Water Bottle,29.20126,-94.93818
TX,2022,TX751320,Pirates Beach,GAL023,Pirates Drive,GALVESTON,GAL023_20220525_93178,25-May-22,9:00:00 AM,CDT,Sample-Routine,Enterococcus,,20,cfu/100mL,,2,ft,21TXBCH,19299,ENTEROLERT,SPL_WTRGRB,Sample Water Grab,Water Bottle,29.20126,-94.93818
TX,2022,TX751320,Pirates Beach,GAL023,Pirates Drive,GALVESTON,GAL023_20220518_93013,18-May-22,9:00:00 AM,CDT,Sample-Routine,Enterococcus,,20,cfu/100mL,,2,ft,21TXBCH,19299,ENTEROLERT,SPL_WTRGRB,Sample Water Grab,Water Bottle,29.20126,-94.93818
TX,2022,TX751320,Pirates Beach,GAL023,Pirates Drive,GALVESTON,GAL023_20220511_92839,11-May-22,9:00:00 AM,CDT,Sample-Routine,Enterococcus,,10,cfu/100mL,,2,ft,21TXBCH,19299,ENTEROLERT,SPL_WTRGRB,Sample Water Grab,Water Bottle,29.20126,-94.93818
TX,2022,TX751320,Pirates Beach,GAL023,Pirates Drive,GALVESTON,GAL023_20220504_92666,4-May-22,9:00:00 AM,CDT,Sample-Routine,Enterococcus,,5,cfu/100mL,,2,ft,21TXBCH,19299,ENTEROLERT,SPL_WTRGRB,Sample Water Grab,Water Bottle,29.20126,-94.93818
TX,2022,TX751320,Pirates Beach,GAL023,Pirates Drive,GALVESTON,GAL023_20220413_92351,13-Apr-22,9:00:00 AM,CDT,Sample-Routine,Enterococcus,,30,cfu/100mL,,2,ft,21TXBCH,19299,ENTEROLERT,SPL_WTRGRB,Sample Water Grab,Water Bottle,29.20126,-94.93818
TX,2022,TX751320,Pirates Beach,GAL023,Pirates Drive,GALVESTON,GAL023_20220413_92351,13-Apr-22,9:00:00 AM,CDT,Sample-Routine,Enterococcus,,5,cfu/100mL,,2,ft,21TXBCH,19299,ENTEROLERT,SPL_WTRGRB,Sample Water Grab,Water Bottle,29.20126,-94.93818
TX,2022,TX751320,Pirates Beach,GAL023,Pirates Drive,GALVESTON,GAL023_20220323_91991,23-Mar-22,9:00:00 AM,CDT,Sample-Routine,Enterococcus,,75,cfu/100mL,,2,ft,21TXBCH,19299,ENTEROLERT,SPL_WTRGRB,Sample Water Grab,Water Bottle,29.20126,-94.93818
TX,2022,TX751320,Pirates Beach,GAL023,Pirates Drive,GALVESTON,GAL023_20220316_91804,16-Mar-22,9:00:00 AM,CDT,Sample-Routine,Enterococcus,,5,cfu/100mL,,2,ft,21TXBCH,19299,ENTEROLERT,SPL_WTRGRB,Sample Water Grab,Water Bottle,29.20126,-94.93818
TX,2022,TX751320,Pirates Beach,GAL023,Pirates Drive,GALVESTON,GAL023_20220309_91645,9-Mar-22,9:00:00 AM,CDT,Sample-Routine,Enterococcus,,5,cfu/100mL,,2,ft,21TXBCH,19299,ENTEROLERT,SPL_WTRGRB,Sample Water Grab,Water Bottle,29.20126,-94.93818
TX,2022,TX751320,Pirates Beach,GAL023,Pirates Drive,GALVESTON,GAL023_20220223_91458,23-Feb-22,9:00:00 AM,CDT,Sample-Routine,Enterococcus,,5,cfu/100mL,,2,ft,21TXBCH,19299,ENTEROLERT,SPL_WTRGRB,Sample Water Grab,Water Bottle,29.20126,-94.93818
TX,2022,TX751320,Pirates Beach,GAL023,Pirates Drive,GALVESTON,GAL023_20220209_91305,9-Feb-22,9:00:00 AM,CDT,Sample-Routine,Enterococcus,,5,cfu/100mL,,2,ft,21TXBCH,19299,ENTEROLERT,SPL_WTRGRB,Sample Water Grab,Water Bottle,29.20126,-94.93818
TX,2022,TX751320,Pirates Beach,GAL023,Pirates Drive,GALVESTON,GAL023_20220126_91099,26-Jan-22,9:00:00 AM,CDT,Sample-Routine,Enterococcus,,5,cfu/100mL,,2,ft,21TXBCH,19299,ENTEROLERT,SPL_WTRGRB,Sample Water Grab,Water Bottle,29.20126,-94.93818
TX,2022,TX751320,Pirates Beach,GAL023,Pirates Drive,GALVESTON,GAL023_20220112_91131,12-Jan-22,9:00:00 AM,CDT,Sample-Routine,Enterococcus,,20,cfu/100mL,,2,ft,21TXBCH,19299,ENTEROLERT,SPL_WTRGRB,Sample Water Grab,Water Bottle,29.20126,-94.93818
TX,2022,TX751320,Pirates Beach,GAL022,13 Mile Road,GALVESTON,GAL022_20221221_97607,21-Dec-22,9:00:00 AM,CDT,Sample-Routine,Enterococcus,,41,cfu/100mL,,2,ft,21TXBCH,19299,ENTEROLERT,SPL_WTRGRB,Sample Water Grab,Water Bottle,29.195489,-94.94852
TX,2022,TX751320,Pirates Beach,GAL022,13 Mile Road,GALVESTON,GAL022_20221207_97419,7-Dec-22,9:00:00 AM,CDT,Sample-Routine,Enterococcus,,20,cfu/100mL,,2,ft,21TXBCH,19299,ENTEROLERT,SPL_WTRGRB,Sample Water Grab,Water Bottle,29.195489,-94.94852
TX,2022,TX751320,Pirates Beach,GAL022,13 Mile Road,GALVESTON,GAL022_20221121_97141,21-Nov-22,9:23:00 AM,CDT,Sample-Routine,Enterococcus,,5,cfu/100mL,,2,ft,21TXBCH,19299,ENTEROLERT,SPL_WTRGRB,Sample Water Grab,Water Bottle,29.195489,-94.94852
TX,2022,TX751320,Pirates Beach,GAL022,13 Mile Road,GALVESTON,GAL022_20221109_97062,9-Nov-22,9:00:00 AM,CDT,Sample-Routine,Enterococcus,,10,cfu/100mL,,2,ft,21TXBCH,19299,ENTEROLERT,SPL_WTRGRB,Sample Water Grab,Water Bottle,29.195489,-94.94852
TX,2022,TX751320,Pirates Beach,GAL022,13 Mile Road,GALVESTON,GAL022_20221109_97062,9-Nov-22,9:00:00 AM,CDT,Sample-Routine,Enterococcus,,5,cfu/100mL,,2,ft,21TXBCH,19299,ENTEROLERT,SPL_WTRGRB,Sample Water Grab,Water Bottle,29.195489,-94.94852
TX,2022,TX751320,Pirates Beach,GAL022,13 Mile Road,GALVESTON,GAL022_20221026_96862,26-Oct-22,9:02:00 AM,CDT,Sample-Routine,Enterococcus,,5,cfu/100mL,,2,ft,21TXBCH,19299,ENTEROLERT,SPL_WTRGRB,Sample Water Grab,Water Bottle,29.195489,-94.94852
TX,2022,TX751320,Pirates Beach,GAL022,13 Mile Road,GALVESTON,GAL022_20221012_96708,12-Oct-22,9:00:00 AM,CDT,Sample-Routine,Enterococcus,,10,cfu/100mL,,2,ft,21TXBCH,19299,ENTEROLERT,SPL_WTRGRB,Sample Water Grab,Water Bottle,29.195489,-94.94852
TX,2022,TX751320,Pirates Beach,GAL022,13 Mile Road,GALVESTON,GAL022_20221005_96536,5-Oct-22,9:01:00 AM,CDT,Sample-Routine,Enterococcus,,5,cfu/100mL,,2,ft,21TXBCH,19299,ENTEROLERT,SPL_WTRGRB,Sample Water Grab,Water Bottle,29.195489,-94.94852
TX,2022,TX751320,Pirates Beach,GAL022,13 Mile Road,GALVESTON,GAL022_20220928_96321,28-Sep-22,10:07:00 AM,CDT,Sample-Routine,Enterococcus,,10,cfu/100mL,,2,ft,21TXBCH,19299,ENTEROLERT,SPL_WTRGRB,Sample Water Grab,Water Bottle,29.195489,-94.94852
TX,2022,TX751320,Pirates Beach,GAL022,13 Mile Road,GALVESTON,GAL022_20220921_96179,21-Sep-22,9:01:00 AM,CDT,Sample-Routine,Enterococcus,,5,cfu/100mL,,2,ft,21TXBCH,19299,ENTEROLERT,SPL_WTRGRB,Sample Water Grab,Water Bottle,29.195489,-94.94852
TX,2022,TX751320,Pirates Beach,GAL022,13 Mile Road,GALVESTON,GAL022_20220914_96006,14-Sep-22,9:02:00 AM,CDT,Sample-Routine,Enterococcus,,10,cfu/100mL,,2,ft,21TXBCH,19299,ENTEROLERT,SPL_WTRGRB,Sample Water Grab,Water Bottle,29.195489,-94.94852
TX,2022,TX751320,Pirates Beach,GAL022,13 Mile Road,GALVESTON,GAL022_20220907_95788,7-Sep-22,9:13:00 AM,CDT,Sample-Routine,Enterococcus,,10,cfu/100mL,,2,ft,21TXBCH,19299,ENTEROLERT,SPL_WTRGRB,Sample Water Grab,Water Bottle,29.195489,-94.94852
TX,2022,TX751320,Pirates Beach,GAL022,13 Mile Road,GALVESTON,GAL022_20220831_95616,31-Aug-22,9:10:00 AM,CDT,Sample-Routine,Enterococcus,,5,cfu/100mL,,2,ft,21TXBCH,19299,ENTEROLERT,SPL_WTRGRB,Sample Water Grab,Water Bottle,29.195489,-94.94852
TX,2022,TX751320,Pirates Beach,GAL022,13 Mile Road,GALVESTON,GAL022_20220824_95437,24-Aug-22,8:59:00 AM,CDT,Sample-Routine,Enterococcus,,41,cfu/100mL,,2,ft,21TXBCH,19299,ENTEROLERT,SPL_WTRGRB,Sample Water Grab,Water Bottle,29.195489,-94.94852
TX,2022,TX751320,Pirates Beach,GAL022,13 Mile Road,GALVESTON,GAL022_20220817_95263,17-Aug-22,9:01:00 AM,CDT,Sample-Routine,Enterococcus,,5,cfu/100mL,,2,ft,21TXBCH,19299,ENTEROLERT,SPL_WTRGRB,Sample Water Grab,Water Bottle,29.195489,-94.94852
TX,2022,TX751320,Pirates Beach,GAL022,13 Mile Road,GALVESTON,GAL022_20220810_95096,10-Aug-22,9:00:00 AM,CDT,Sample-Routine,Enterococcus,,10,cfu/100mL,,2,ft,21TXBCH,19299,ENTEROLERT,SPL_WTRGRB,Sample Water Grab,Water Bottle,29.195489,-94.94852
TX,2022,TX751320,Pirates Beach,GAL022,13 Mile Road,GALVESTON,GAL022_20220803_94945,3-Aug-22,8:57:00 AM,CDT,Sample-Routine,Enterococcus,,5,cfu/100mL,,2,ft,21TXBCH,19299,ENTEROLERT,SPL_WTRGRB,Sample Water Grab,Water Bottle,29.195489,-94.94852
TX,2022,TX751320,Pirates Beach,GAL022,13 Mile Road,GALVESTON,GAL022_20220727_94765,27-Jul-22,9:02:00 AM,CDT,Sample-Routine,Enterococcus,,5,cfu/100mL,,2,ft,21TXBCH,19299,ENTEROLERT,SPL_WTRGRB,Sample Water Grab,Water Bottle,29.195489,-94.94852
TX,2022,TX751320,Pirates Beach,GAL022,13 Mile Road,GALVESTON,GAL022_20220720_94596,20-Jul-22,9:01:00 AM,CDT,Sample-Routine,Enterococcus,,10,cfu/100mL,,2,ft,21TXBCH,19299,ENTEROLERT,SPL_WTRGRB,Sample Water Grab,Water Bottle,29.195489,-94.94852
TX,2022,TX751320,Pirates Beach,GAL022,13 Mile Road,GALVESTON,GAL022_20220713_94427,13-Jul-22,9:02:00 AM,CDT,Sample-Routine,Enterococcus,,5,cfu/100mL,,2,ft,21TXBCH,19299,ENTEROLERT,SPL_WTRGRB,Sample Water Grab,Water Bottle,29.195489,-94.94852
TX,2022,TX751320,Pirates Beach,GAL022,13 Mile Road,GALVESTON,GAL022_20220706_94221,6-Jul-22,9:03:00 AM,CDT,Sample-Routine,Enterococcus,,10,cfu/100mL,,2,ft,21TXBCH,19299,ENTEROLERT,SPL_WTRGRB,Sample Water Grab,Water Bottle,29.195489,-94.94852
TX,2022,TX751320,Pirates Beach,GAL022,13 Mile Road,GALVESTON,GAL022_20220704_94082,27-Apr-22,9:00:00 AM,CDT,Sample-Routine,Enterococcus,,5,cfu/100mL,,2,ft,21TXBCH,19299,ENTEROLERT,SPL_WTRGRB,Sample Water Grab,Water Bottle,29.195489,-94.94852
TX,2022,TX751320,Pirates Beach,GAL022,13 Mile Road,GALVESTON,GAL022_20220701_94058,1-Jul-22,8:07:00 AM,CDT,Sample-Routine,Enterococcus,,97,cfu/100mL,,2,ft,21TXBCH,19299,ENTEROLERT,SPL_WTRGRB,Sample Water Grab,Water Bottle,29.195489,-94.94852
TX,2022,TX751320,Pirates Beach,GAL022,13 Mile Road,GALVESTON,GAL022_20220622_93891,22-Jun-22,9:02:00 AM,CDT,Sample-Routine,Enterococcus,,10,cfu/100mL,,2,ft,21TXBCH,19299,ENTEROLERT,SPL_WTRGRB,Sample Water Grab,Water Bottle,29.195489,-94.94852
TX,2022,TX751320,Pirates Beach,GAL022,13 Mile Road,GALVESTON,GAL022_20220615_93723,15-Jun-22,9:22:00 AM,CDT,Sample-Routine,Enterococcus,,20,cfu/100mL,,2,ft,21TXBCH,19299,ENTEROLERT,SPL_WTRGRB,Sample Water Grab,Water Bottle,29.195489,-94.94852
TX,2022,TX751320,Pirates Beach,GAL022,13 Mile Road,GALVESTON,GAL022_20220608_93535,8-Jun-22,9:04:00 AM,CDT,Sample-Routine,Enterococcus,,30,cfu/100mL,,2,ft,21TXBCH,19299,ENTEROLERT,SPL_WTRGRB,Sample Water Grab,Water Bottle,29.195489,-94.94852
TX,2022,TX751320,Pirates Beach,GAL022,13 Mile Road,GALVESTON,GAL022_20220608_93535,8-Jun-22,9:04:00 AM,CDT,Sample-Routine,Enterococcus,,10,cfu/100mL,,2,ft,21TXBCH,19299,ENTEROLERT,SPL_WTRGRB,Sample Water Grab,Water Bottle,29.195489,-94.94852
TX,2022,TX751320,Pirates Beach,GAL022,13 Mile Road,GALVESTON,GAL022_20220601_93349,1-Jun-22,9:00:00 AM,CDT,Sample-Routine,Enterococcus,,5,cfu/100mL,,2,ft,21TXBCH,19299,ENTEROLERT,SPL_WTRGRB,Sample Water Grab,Water Bottle,29.195489,-94.94852
TX,2022,TX751320,Pirates Beach,GAL022,13 Mile Road,GALVESTON,GAL022_20220525_93177,25-May-22,9:00:00 AM,CDT,Sample-Routine,Enterococcus,,5,cfu/100mL,,2,ft,21TXBCH,19299,ENTEROLERT,SPL_WTRGRB,Sample Water Grab,Water Bottle,29.195489,-94.94852
TX,2022,TX751320,Pirates Beach,GAL022,13 Mile Road,GALVESTON,GAL022_20220518_93012,18-May-22,9:00:00 AM,CDT,Sample-Routine,Enterococcus,,20,cfu/100mL,,2,ft,21TXBCH,19299,ENTEROLERT,SPL_WTRGRB,Sample Water Grab,Water Bottle,29.195489,-94.94852
TX,2022,TX751320,Pirates Beach,GAL022,13 Mile Road,GALVESTON,GAL022_20220511_92838,11-May-22,9:00:00 AM,CDT,Sample-Routine,Enterococcus,,10,cfu/100mL,,2,ft,21TXBCH,19299,ENTEROLERT,SPL_WTRGRB,Sample Water Grab,Water Bottle,29.195489,-94.94852
TX,2022,TX751320,Pirates Beach,GAL022,13 Mile Road,GALVESTON,GAL022_20220504_92665,4-May-22,9:00:00 AM,CDT,Sample-Routine,Enterococcus,,5,cfu/100mL,,2,ft,21TXBCH,19299,ENTEROLERT,SPL_WTRGRB,Sample Water Grab,Water Bottle,29.195489,-94.94852
TX,2022,TX751320,Pirates Beach,GAL022,13 Mile Road,GALVESTON,GAL022_20220413_92350,13-Apr-22,9:00:00 AM,CDT,Sample-Routine,Enterococcus,,5,cfu/100mL,,2,ft,21TXBCH,19299,ENTEROLERT,SPL_WTRGRB,Sample Water Grab,Water Bottle,29.195489,-94.94852
TX,2022,TX751320,Pirates Beach,GAL022,13 Mile Road,GALVESTON,GAL022_20220323_91990,23-Mar-22,9:00:00 AM,CDT,Sample-Routine,Enterococcus,,52,cfu/100mL,,2,ft,21TXBCH,19299,ENTEROLERT,SPL_WTRGRB,Sample Water Grab,Water Bottle,29.195489,-94.94852
TX,2022,TX751320,Pirates Beach,GAL022,13 Mile Road,GALVESTON,GAL022_20220316_91803,16-Mar-22,9:00:00 AM,CDT,Sample-Routine,Enterococcus,,5,cfu/100mL,,2,ft,21TXBCH,19299,ENTEROLERT,SPL_WTRGRB,Sample Water Grab,Water Bottle,29.195489,-94.94852
TX,2022,TX751320,Pirates Beach,GAL022,13 Mile Road,GALVESTON,GAL022_20220309_91644,9-Mar-22,9:00:00 AM,CDT,Sample-Routine,Enterococcus,,10,cfu/100mL,,2,ft,21TXBCH,19299,ENTEROLERT,SPL_WTRGRB,Sample Water Grab,Water Bottle,29.195489,-94.94852
TX,2022,TX751320,Pirates Beach,GAL022,13 Mile Road,GALVESTON,GAL022_20220223_91457,23-Feb-22,9:00:00 AM,CDT,Sample-Routine,Enterococcus,,10,cfu/100mL,,2,ft,21TXBCH,19299,ENTEROLERT,SPL_WTRGRB,Sample Water Grab,Water Bottle,29.195489,-94.94852
TX,2022,TX751320,Pirates Beach,GAL022,13 Mile Road,GALVESTON,GAL022_20220209_91304,9-Feb-22,9:00:00 AM,CDT,Sample-Routine,Enterococcus,,5,cfu/100mL,,2,ft,21TXBCH,19299,ENTEROLERT,SPL_WTRGRB,Sample Water Grab,Water Bottle,29.195489,-94.94852
TX,2022,TX751320,Pirates Beach,GAL022,13 Mile Road,GALVESTON,GAL022_20220126_91098,26-Jan-22,9:00:00 AM,CDT,Sample-Routine,Enterococcus,,5,cfu/100mL,,2,ft,21TXBCH,19299,ENTEROLERT,SPL_WTRGRB,Sample Water Grab,Water Bottle,29.195489,-94.94852
TX,2022,TX751320,Pirates Beach,GAL022,13 Mile Road,GALVESTON,GAL022_20220112_91130,12-Jan-22,9:00:00 AM,CDT,Sample-Routine,Enterococcus,,10,cfu/100mL,,2,ft,21TXBCH,19299,ENTEROLERT,SPL_WTRGRB,Sample Water Grab,Water Bottle,29.195489,-94.94852
TX,2022,TX334226,Galveston Island State Park,GAL019,GISP #4,GALVESTON,GAL019_20221221_97601,21-Dec-22,8:42:00 AM,CDT,Sample-Routine,Enterococcus,,30,cfu/100mL,,2,ft,21TXBCH,19299,ENTEROLERT,SPL_WTRGRB,Sample Water Grab,Water Bottle,29.21313,-94.95367
TX,2022,TX334226,Galveston Island State Park,GAL019,GISP #4,GALVESTON,GAL019_20221207_97413,7-Dec-22,8:43:00 AM,CDT,Sample-Routine,Enterococcus,,5,cfu/100mL,,2,ft,21TXBCH,19299,ENTEROLERT,SPL_WTRGRB,Sample Water Grab,Water Bottle,29.21313,-94.95367
TX,2022,TX334226,Galveston Island State Park,GAL019,GISP #4,GALVESTON,GAL019_20221121_97135,21-Nov-22,9:04:00 AM,CDT,Sample-Routine,Enterococcus,,5,cfu/100mL,,2,ft,21TXBCH,19299,ENTEROLERT,SPL_WTRGRB,Sample Water Grab,Water Bottle,29.21313,-94.95367
TX,2022,TX334226,Galveston Island State Park,GAL019,GISP #4,GALVESTON,GAL019_20221109_97056,9-Nov-22,8:43:00 AM,CDT,Sample-Routine,Enterococcus,,10,cfu/100mL,,2,ft,21TXBCH,19299,ENTEROLERT,SPL_WTRGRB,Sample Water Grab,Water Bottle,29.21313,-94.95367
TX,2022,TX334226,Galveston Island State Park,GAL019,GISP #4,GALVESTON,GAL019_20221026_96854,26-Oct-22,8:43:00 AM,CDT,Sample-Routine,Enterococcus,,5,cfu/100mL,,2,ft,21TXBCH,19299,ENTEROLERT,SPL_WTRGRB,Sample Water Grab,Water Bottle,29.21313,-94.95367
TX,2022,TX334226,Galveston Island State Park,GAL019,GISP #4,GALVESTON,GAL019_20221012_96700,12-Oct-22,8:43:00 AM,CDT,Sample-Routine,Enterococcus,,5,cfu/100mL,,2,ft,21TXBCH,19299,ENTEROLERT,SPL_WTRGRB,Sample Water Grab,Water Bottle,29.21313,-94.95367
TX,2022,TX334226,Galveston Island State Park,GAL019,GISP #4,GALVESTON,GAL019_20221005_96527,5-Oct-22,8:52:00 AM,CDT,Sample-Routine,Enterococcus,,10,cfu/100mL,,2,ft,21TXBCH,19299,ENTEROLERT,SPL_WTRGRB,Sample Water Grab,Water Bottle,29.21313,-94.95367
TX,2022,TX334226,Galveston Island State Park,GAL019,GISP #4,GALVESTON,GAL019_20221005_96527,5-Oct-22,8:52:00 AM,CDT,Sample-Routine,Enterococcus,,5,cfu/100mL,,2,ft,21TXBCH,19299,ENTEROLERT,SPL_WTRGRB,Sample Water Grab,Water Bottle,29.21313,-94.95367
TX,2022,TX334226,Galveston Island State Park,GAL019,GISP #4,GALVESTON,GAL019_20220928_96313,28-Sep-22,10:03:00 AM,CDT,Sample-Routine,Enterococcus,,5,cfu/100mL,,2,ft,21TXBCH,19299,ENTEROLERT,SPL_WTRGRB,Sample Water Grab,Water Bottle,29.21313,-94.95367
TX,2022,TX334226,Galveston Island State Park,GAL019,GISP #4,GALVESTON,GAL019_20220921_96173,21-Sep-22,8:42:00 AM,CDT,Sample-Routine,Enterococcus,,5,cfu/100mL,,2,ft,21TXBCH,19299,ENTEROLERT,SPL_WTRGRB,Sample Water Grab,Water Bottle,29.21313,-94.95367
TX,2022,TX334226,Galveston Island State Park,GAL019,GISP #4,GALVESTON,GAL019_20220914_96000,14-Sep-22,8:43:00 AM,CDT,Sample-Routine,Enterococcus,,5,cfu/100mL,,2,ft,21TXBCH,19299,ENTEROLERT,SPL_WTRGRB,Sample Water Grab,Water Bottle,29.21313,-94.95367
TX,2022,TX334226,Galveston Island State Park,GAL019,GISP #4,GALVESTON,GAL019_20220907_95782,7-Sep-22,8:53:00 AM,CDT,Sample-Routine,Enterococcus,,5,cfu/100mL,,2,ft,21TXBCH,19299,ENTEROLERT,SPL_WTRGRB,Sample Water Grab,Water Bottle,29.21313,-94.95367
TX,2022,TX334226,Galveston Island State Park,GAL019,GISP #4,GALVESTON,GAL019_20220831_95611,31-Aug-22,9:05:00 AM,CDT,Sample-Routine,Enterococcus,,5,cfu/100mL,,2,ft,21TXBCH,19299,ENTEROLERT,SPL_WTRGRB,Sample Water Grab,Water Bottle,29.21313,-94.95367
TX,2022,TX334226,Galveston Island State Park,GAL019,GISP #4,GALVESTON,GAL019_20220824_95441,24-Aug-22,8:42:00 AM,CDT,Sample-Routine,Enterococcus,,10,cfu/100mL,,2,ft,21TXBCH,19299,ENTEROLERT,SPL_WTRGRB,Sample Water Grab,Water Bottle,29.21313,-94.95367
TX,2022,TX334226,Galveston Island State Park,GAL019,GISP #4,GALVESTON,GAL019_20220817_95257,17-Aug-22,8:42:00 AM,CDT,Sample-Routine,Enterococcus,,5,cfu/100mL,,2,ft,21TXBCH,19299,ENTEROLERT,SPL_WTRGRB,Sample Water Grab,Water Bottle,29.21313,-94.95367
TX,2022,TX334226,Galveston Island State Park,GAL019,GISP #4,GALVESTON,GAL019_20220810_95090,10-Aug-22,8:42:00 AM,CDT,Sample-Routine,Enterococcus,,5,cfu/100mL,,2,ft,21TXBCH,19299,ENTEROLERT,SPL_WTRGRB,Sample Water Grab,Water Bottle,29.21313,-94.95367
TX,2022,TX334226,Galveston Island State Park,GAL019,GISP #4,GALVESTON,GAL019_20220803_94939,3-Aug-22,8:52:00 AM,CDT,Sample-Routine,Enterococcus,,10,cfu/100mL,,2,ft,21TXBCH,19299,ENTEROLERT,SPL_WTRGRB,Sample Water Grab,Water Bottle,29.21313,-94.95367
TX,2022,TX334226,Galveston Island State Park,GAL019,GISP #4,GALVESTON,GAL019_20220727_94759,27-Jul-22,8:43:00 AM,CDT,Sample-Routine,Enterococcus,,5,cfu/100mL,,2,ft,21TXBCH,19299,ENTEROLERT,SPL_WTRGRB,Sample Water Grab,Water Bottle,29.21313,-94.95367
TX,2022,TX334226,Galveston Island State Park,GAL019,GISP #4,GALVESTON,GAL019_20220720_94590,20-Jul-22,8:43:00 AM,CDT,Sample-Routine,Enterococcus,,10,cfu/100mL,,2,ft,21TXBCH,19299,ENTEROLERT,SPL_WTRGRB,Sample Water Grab,Water Bottle,29.21313,-94.95367
TX,2022,TX334226,Galveston Island State Park,GAL019,GISP #4,GALVESTON,GAL019_20220713_94421,13-Jul-22,8:44:00 AM,CDT,Sample-Routine,Enterococcus,,30,cfu/100mL,,2,ft,21TXBCH,19299,ENTEROLERT,SPL_WTRGRB,Sample Water Grab,Water Bottle,29.21313,-94.95367
TX,2022,TX334226,Galveston Island State Park,GAL019,GISP #4,GALVESTON,GAL019_20220706_94226,6-Jul-22,8:45:00 AM,CDT,Sample-Routine,Enterococcus,,5,cfu/100mL,,2,ft,21TXBCH,19299,ENTEROLERT,SPL_WTRGRB,Sample Water Grab,Water Bottle,29.21313,-94.95367
TX,2022,TX334226,Galveston Island State Park,GAL019,GISP #4,GALVESTON,GAL019_20220704_94081,27-Apr-22,9:00:00 AM,CDT,Sample-Routine,Enterococcus,,5,cfu/100mL,,2,ft,21TXBCH,19299,ENTEROLERT,SPL_WTRGRB,Sample Water Grab,Water Bottle,29.21313,-94.95367
TX,2022,TX334226,Galveston Island State Park,GAL019,GISP #4,GALVESTON,GAL019_20220630_94051,30-Jun-22,8:15:00 AM,CDT,Sample-Routine,Enterococcus,,5,cfu/100mL,,2,ft,21TXBCH,19299,ENTEROLERT,SPL_WTRGRB,Sample Water Grab,Water Bottle,29.21313,-94.95367
TX,2022,TX334226,Galveston Island State Park,GAL019,GISP #4,GALVESTON,GAL019_20220622_93885,22-Jun-22,8:44:00 AM,CDT,Sample-Routine,Enterococcus,,20,cfu/100mL,,2,ft,21TXBCH,19299,ENTEROLERT,SPL_WTRGRB,Sample Water Grab,Water Bottle,29.21313,-94.95367
TX,2022,TX334226,Galveston Island State Park,GAL019,GISP #4,GALVESTON,GAL019_20220615_93717,15-Jun-22,9:13:00 AM,CDT,Sample-Routine,Enterococcus,,5,cfu/100mL,,2,ft,21TXBCH,19299,ENTEROLERT,SPL_WTRGRB,Sample Water Grab,Water Bottle,29.21313,-94.95367
TX,2022,TX334226,Galveston Island State Park,GAL019,GISP #4,GALVESTON,GAL019_20220608_93529,8-Jun-22,8:45:00 AM,CDT,Sample-Routine,Enterococcus,,5,cfu/100mL,,2,ft,21TXBCH,19299,ENTEROLERT,SPL_WTRGRB,Sample Water Grab,Water Bottle,29.21313,-94.95367
TX,2022,TX334226,Galveston Island State Park,GAL019,GISP #4,GALVESTON,GAL019_20220601_93343,1-Jun-22,9:00:00 AM,CDT,Sample-Routine,Enterococcus,,5,cfu/100mL,,2,ft,21TXBCH,19299,ENTEROLERT,SPL_WTRGRB,Sample Water Grab,Water Bottle,29.21313,-94.95367
TX,2022,TX334226,Galveston Island State Park,GAL019,GISP #4,GALVESTON,GAL019_20220525_93171,25-May-22,9:00:00 AM,CDT,Sample-Routine,Enterococcus,,31,cfu/100mL,,2,ft,21TXBCH,19299,ENTEROLERT,SPL_WTRGRB,Sample Water Grab,Water Bottle,29.21313,-94.95367
TX,2022,TX334226,Galveston Island State Park,GAL019,GISP #4,GALVESTON,GAL019_20220518_93006,18-May-22,9:00:00 AM,CDT,Sample-Routine,Enterococcus,,20,cfu/100mL,,2,ft,21TXBCH,19299,ENTEROLERT,SPL_WTRGRB,Sample Water Grab,Water Bottle,29.21313,-94.95367
TX,2022,TX334226,Galveston Island State Park,GAL019,GISP #4,GALVESTON,GAL019_20220511_92832,11-May-22,9:00:00 AM,CDT,Sample-Routine,Enterococcus,,5,cfu/100mL,,2,ft,21TXBCH,19299,ENTEROLERT,SPL_WTRGRB,Sample Water Grab,Water Bottle,29.21313,-94.95367
TX,2022,TX334226,Galveston Island State Park,GAL019,GISP #4,GALVESTON,GAL019_20220504_92661,4-May-22,9:00:00 AM,CDT,Sample-Routine,Enterococcus,,5,cfu/100mL,,2,ft,21TXBCH,19299,ENTEROLERT,SPL_WTRGRB,Sample Water Grab,Water Bottle,29.21313,-94.95367
TX,2022,TX334226,Galveston Island State Park,GAL019,GISP #4,GALVESTON,GAL019_20220413_92345,13-Apr-22,9:00:00 AM,CDT,Sample-Routine,Enterococcus,,20,cfu/100mL,,2,ft,21TXBCH,19299,ENTEROLERT,SPL_WTRGRB,Sample Water Grab,Water Bottle,29.21313,-94.95367
TX,2022,TX334226,Galveston Island State Park,GAL019,GISP #4,GALVESTON,GAL019_20220323_91987,23-Mar-22,9:00:00 AM,CDT,Sample-Routine,Enterococcus,,63,cfu/100mL,,2,ft,21TXBCH,19299,ENTEROLERT,SPL_WTRGRB,Sample Water Grab,Water Bottle,29.21313,-94.95367
TX,2022,TX334226,Galveston Island State Park,GAL019,GISP #4,GALVESTON,GAL019_20220316_91798,16-Mar-22,9:00:00 AM,CDT,Sample-Routine,Enterococcus,,5,cfu/100mL,,2,ft,21TXBCH,19299,ENTEROLERT,SPL_WTRGRB,Sample Water Grab,Water Bottle,29.21313,-94.95367
TX,2022,TX334226,Galveston Island State Park,GAL019,GISP #4,GALVESTON,GAL019_20220309_91639,9-Mar-22,9:00:00 AM,CDT,Sample-Routine,Enterococcus,,30,cfu/100mL,,2,ft,21TXBCH,19299,ENTEROLERT,SPL_WTRGRB,Sample Water Grab,Water Bottle,29.21313,-94.95367
TX,2022,TX334226,Galveston Island State Park,GAL019,GISP #4,GALVESTON,GAL019_20220223_91452,23-Feb-22,9:00:00 AM,CDT,Sample-Routine,Enterococcus,,5,cfu/100mL,,2,ft,21TXBCH,19299,ENTEROLERT,SPL_WTRGRB,Sample Water Grab,Water Bottle,29.21313,-94.95367
TX,2022,TX334226,Galveston Island State Park,GAL019,GISP #4,GALVESTON,GAL019_20220209_91299,9-Feb-22,9:00:00 AM,CDT,Sample-Routine,Enterococcus,,5,cfu/100mL,,2,ft,21TXBCH,19299,ENTEROLERT,SPL_WTRGRB,Sample Water Grab,Water Bottle,29.21313,-94.95367
TX,2022,TX334226,Galveston Island State Park,GAL019,GISP #4,GALVESTON,GAL019_20220126_91092,26-Jan-22,9:00:00 AM,CDT,Sample-Routine,Enterococcus,,5,cfu/100mL,,2,ft,21TXBCH,19299,ENTEROLERT,SPL_WTRGRB,Sample Water Grab,Water Bottle,29.21313,-94.95367
TX,2022,TX334226,Galveston Island State Park,GAL019,GISP #4,GALVESTON,GAL019_20220112_91475,12-Jan-22,9:00:00 AM,CDT,Sample-Routine,Enterococcus,,31,cfu/100mL,,2,ft,21TXBCH,19299,ENTEROLERT,SPL_WTRGRB,Sample Water Grab,Water Bottle,29.21313,-94.95367
TX,2022,TX334226,Galveston Island State Park,GAL017,GISP #2,GALVESTON,GAL017_20221221_97599,21-Dec-22,8:39:00 AM,CDT,Sample-Routine,Enterococcus,,31,cfu/100mL,,2,ft,21TXBCH,19299,ENTEROLERT,SPL_WTRGRB,Sample Water Grab,Water Bottle,29.21313,-94.95367
TX,2022,TX334226,Galveston Island State Park,GAL017,GISP #2,GALVESTON,GAL017_20221207_97411,7-Dec-22,8:40:00 AM,CDT,Sample-Routine,Enterococcus,,10,cfu/100mL,,2,ft,21TXBCH,19299,ENTEROLERT,SPL_WTRGRB,Sample Water Grab,Water Bottle,29.21313,-94.95367
TX,2022,TX334226,Galveston Island State Park,GAL017,GISP #2,GALVESTON,GAL017_20221121_97133,21-Nov-22,8:57:00 AM,CDT,Sample-Routine,Enterococcus,,5,cfu/100mL,,2,ft,21TXBCH,19299,ENTEROLERT,SPL_WTRGRB,Sample Water Grab,Water Bottle,29.21313,-94.95367
TX,2022,TX334226,Galveston Island State Park,GAL017,GISP #2,GALVESTON,GAL017_20221109_97054,9-Nov-22,8:40:00 AM,CDT,Sample-Routine,Enterococcus,,31,cfu/100mL,,2,ft,21TXBCH,19299,ENTEROLERT,SPL_WTRGRB,Sample Water Grab,Water Bottle,29.21313,-94.95367
TX,2022,TX334226,Galveston Island State Park,GAL017,GISP #2,GALVESTON,GAL017_20221026_96852,26-Oct-22,8:40:00 AM,CDT,Sample-Routine,Enterococcus,,5,cfu/100mL,,2,ft,21TXBCH,19299,ENTEROLERT,SPL_WTRGRB,Sample Water Grab,Water Bottle,29.21313,-94.95367
TX,2022,TX334226,Galveston Island State Park,GAL017,GISP #2,GALVESTON,GAL017_20221012_96698,12-Oct-22,8:40:00 AM,CDT,Sample-Routine,Enterococcus,,20,cfu/100mL,,2,ft,21TXBCH,19299,ENTEROLERT,SPL_WTRGRB,Sample Water Grab,Water Bottle,29.21313,-94.95367
TX,2022,TX334226,Galveston Island State Park,GAL017,GISP #2,GALVESTON,GAL017_20221005_96525,5-Oct-22,8:41:00 AM,CDT,Sample-Routine,Enterococcus,,5,cfu/100mL,,2,ft,21TXBCH,19299,ENTEROLERT,SPL_WTRGRB,Sample Water Grab,Water Bottle,29.21313,-94.95367
TX,2022,TX334226,Galveston Island State Park,GAL017,GISP #2,GALVESTON,GAL017_20220928_96311,28-Sep-22,10:00:00 AM,CDT,Sample-Routine,Enterococcus,,5,cfu/100mL,,2,ft,21TXBCH,19299,ENTEROLERT,SPL_WTRGRB,Sample Water Grab,Water Bottle,29.21313,-94.95367
TX,2022,TX334226,Galveston Island State Park,GAL017,GISP #2,GALVESTON,GAL017_20220921_96171,21-Sep-22,8:39:00 AM,CDT,Sample-Routine,Enterococcus,,5,cfu/100mL,,2,ft,21TXBCH,19299,ENTEROLERT,SPL_WTRGRB,Sample Water Grab,Water Bottle,29.21313,-94.95367
TX,2022,TX334226,Galveston Island State Park,GAL017,GISP #2,GALVESTON,GAL017_20220914_95998,14-Sep-22,8:40:00 AM,CDT,Sample-Routine,Enterococcus,,10,cfu/100mL,,2,ft,21TXBCH,19299,ENTEROLERT,SPL_WTRGRB,Sample Water Grab,Water Bottle,29.21313,-94.95367
TX,2022,TX334226,Galveston Island State Park,GAL017,GISP #2,GALVESTON,GAL017_20220907_95780,7-Sep-22,8:50:00 AM,CDT,Sample-Routine,Enterococcus,,5,cfu/100mL,,2,ft,21TXBCH,19299,ENTEROLERT,SPL_WTRGRB,Sample Water Grab,Water Bottle,29.21313,-94.95367
TX,2022,TX334226,Galveston Island State Park,GAL017,GISP #2,GALVESTON,GAL017_20220831_95609,31-Aug-22,8:57:00 AM,CDT,Sample-Routine,Enterococcus,,5,cfu/100mL,,2,ft,21TXBCH,19299,ENTEROLERT,SPL_WTRGRB,Sample Water Grab,Water Bottle,29.21313,-94.95367
TX,2022,TX334226,Galveston Island State Park,GAL017,GISP #2,GALVESTON,GAL017_20220824_95439,24-Aug-22,8:39:00 AM,CDT,Sample-Routine,Enterococcus,,63,cfu/100mL,,2,ft,21TXBCH,19299,ENTEROLERT,SPL_WTRGRB,Sample Water Grab,Water Bottle,29.21313,-94.95367
TX,2022,TX334226,Galveston Island State Park,GAL017,GISP #2,GALVESTON,GAL017_20220817_95255,17-Aug-22,8:39:00 AM,CDT,Sample-Routine,Enterococcus,,5,cfu/100mL,,2,ft,21TXBCH,19299,ENTEROLERT,SPL_WTRGRB,Sample Water Grab,Water Bottle,29.21313,-94.95367
TX,2022,TX334226,Galveston Island State Park,GAL017,GISP #2,GALVESTON,GAL017_20220810_95088,10-Aug-22,8:39:00 AM,CDT,Sample-Routine,Enterococcus,,5,cfu/100mL,,2,ft,21TXBCH,19299,ENTEROLERT,SPL_WTRGRB,Sample Water Grab,Water Bottle,29.21313,-94.95367
TX,2022,TX334226,Galveston Island State Park,GAL017,GISP #2,GALVESTON,GAL017_20220803_94937,3-Aug-22,8:46:00 AM,CDT,Sample-Routine,Enterococcus,,10,cfu/100mL,,2,ft,21TXBCH,19299,ENTEROLERT,SPL_WTRGRB,Sample Water Grab,Water Bottle,29.21313,-94.95367
TX,2022,TX334226,Galveston Island State Park,GAL017,GISP #2,GALVESTON,GAL017_20220727_94757,27-Jul-22,8:40:00 AM,CDT,Sample-Routine,Enterococcus,,10,cfu/100mL,,2,ft,21TXBCH,19299,ENTEROLERT,SPL_WTRGRB,Sample Water Grab,Water Bottle,29.21313,-94.95367
TX,2022,TX334226,Galveston Island State Park,GAL017,GISP #2,GALVESTON,GAL017_20220720_94588,20-Jul-22,8:40:00 AM,CDT,Sample-Routine,Enterococcus,,10,cfu/100mL,,2,ft,21TXBCH,19299,ENTEROLERT,SPL_WTRGRB,Sample Water Grab,Water Bottle,29.21313,-94.95367
TX,2022,TX334226,Galveston Island State Park,GAL017,GISP #2,GALVESTON,GAL017_20220713_94419,13-Jul-22,8:41:00 AM,CDT,Sample-Routine,Enterococcus,,31,cfu/100mL,,2,ft,21TXBCH,19299,ENTEROLERT,SPL_WTRGRB,Sample Water Grab,Water Bottle,29.21313,-94.95367
TX,2022,TX334226,Galveston Island State Park,GAL017,GISP #2,GALVESTON,GAL017_20220706_94224,6-Jul-22,8:41:00 AM,CDT,Sample-Routine,Enterococcus,,5,cfu/100mL,,2,ft,21TXBCH,19299,ENTEROLERT,SPL_WTRGRB,Sample Water Grab,Water Bottle,29.21313,-94.95367
TX,2022,TX334226,Galveston Island State Park,GAL017,GISP #2,GALVESTON,GAL017_20220704_94080,27-Apr-22,9:00:00 AM,CDT,Sample-Routine,Enterococcus,,10,cfu/100mL,,2,ft,21TXBCH,19299,ENTEROLERT,SPL_WTRGRB,Sample Water Grab,Water Bottle,29.21313,-94.95367
TX,2022,TX334226,Galveston Island State Park,GAL017,GISP #2,GALVESTON,GAL017_20220630_94050,30-Jun-22,8:11:00 AM,CDT,Sample-Routine,Enterococcus,,20,cfu/100mL,,2,ft,21TXBCH,19299,ENTEROLERT,SPL_WTRGRB,Sample Water Grab,Water Bottle,29.21313,-94.95367
TX,2022,TX334226,Galveston Island State Park,GAL017,GISP #2,GALVESTON,GAL017_20220622_93883,22-Jun-22,8:41:00 AM,CDT,Sample-Routine,Enterococcus,,5,cfu/100mL,,2,ft,21TXBCH,19299,ENTEROLERT,SPL_WTRGRB,Sample Water Grab,Water Bottle,29.21313,-94.95367
TX,2022,TX334226,Galveston Island State Park,GAL017,GISP #2,GALVESTON,GAL017_20220615_93715,15-Jun-22,9:10:00 AM,CDT,Sample-Routine,Enterococcus,,10,cfu/100mL,,2,ft,21TXBCH,19299,ENTEROLERT,SPL_WTRGRB,Sample Water Grab,Water Bottle,29.21313,-94.95367
TX,2022,TX334226,Galveston Island State Park,GAL017,GISP #2,GALVESTON,GAL017_20220608_93527,8-Jun-22,8:42:00 AM,CDT,Sample-Routine,Enterococcus,,10,cfu/100mL,,2,ft,21TXBCH,19299,ENTEROLERT,SPL_WTRGRB,Sample Water Grab,Water Bottle,29.21313,-94.95367
TX,2022,TX334226,Galveston Island State Park,GAL017,GISP #2,GALVESTON,GAL017_20220601_93341,1-Jun-22,9:00:00 AM,CDT,Sample-Routine,Enterococcus,,10,cfu/100mL,,2,ft,21TXBCH,19299,ENTEROLERT,SPL_WTRGRB,Sample Water Grab,Water Bottle,29.21313,-94.95367
TX,2022,TX334226,Galveston Island State Park,GAL017,GISP #2,GALVESTON,GAL017_20220525_93169,25-May-22,9:00:00 AM,CDT,Sample-Routine,Enterococcus,,20,cfu/100mL,,2,ft,21TXBCH,19299,ENTEROLERT,SPL_WTRGRB,Sample Water Grab,Water Bottle,29.21313,-94.95367
TX,2022,TX334226,Galveston Island State Park,GAL017,GISP #2,GALVESTON,GAL017_20220518_93004,18-May-22,9:00:00 AM,CDT,Sample-Routine,Enterococcus,,52,cfu/100mL,,2,ft,21TXBCH,19299,ENTEROLERT,SPL_WTRGRB,Sample Water Grab,Water Bottle,29.21313,-94.95367
TX,2022,TX334226,Galveston Island State Park,GAL017,GISP #2,GALVESTON,GAL017_20220518_93004,18-May-22,9:00:00 AM,CDT,Sample-Routine,Enterococcus,,20,cfu/100mL,,2,ft,21TXBCH,19299,ENTEROLERT,SPL_WTRGRB,Sample Water Grab,Water Bottle,29.21313,-94.95367
TX,2022,TX334226,Galveston Island State Park,GAL017,GISP #2,GALVESTON,GAL017_20220511_92830,11-May-22,9:00:00 AM,CDT,Sample-Routine,Enterococcus,,5,cfu/100mL,,2,ft,21TXBCH,19299,ENTEROLERT,SPL_WTRGRB,Sample Water Grab,Water Bottle,29.21313,-94.95367
TX,2022,TX334226,Galveston Island State Park,GAL017,GISP #2,GALVESTON,GAL017_20220504_92660,4-May-22,9:00:00 AM,CDT,Sample-Routine,Enterococcus,,5,cfu/100mL,,2,ft,21TXBCH,19299,ENTEROLERT,SPL_WTRGRB,Sample Water Grab,Water Bottle,29.21313,-94.95367
TX,2022,TX334226,Galveston Island State Park,GAL017,GISP #2,GALVESTON,GAL017_20220413_92343,13-Apr-22,9:00:00 AM,CDT,Sample-Routine,Enterococcus,,5,cfu/100mL,,2,ft,21TXBCH,19299,ENTEROLERT,SPL_WTRGRB,Sample Water Grab,Water Bottle,29.21313,-94.95367
TX,2022,TX334226,Galveston Island State Park,GAL017,GISP #2,GALVESTON,GAL017_20220323_91986,23-Mar-22,9:00:00 AM,CDT,Sample-Routine,Enterococcus,,63,cfu/100mL,,2,ft,21TXBCH,19299,ENTEROLERT,SPL_WTRGRB,Sample Water Grab,Water Bottle,29.21313,-94.95367
TX,2022,TX334226,Galveston Island State Park,GAL017,GISP #2,GALVESTON,GAL017_20220316_91796,16-Mar-22,9:00:00 AM,CDT,Sample-Routine,Enterococcus,,20,cfu/100mL,,2,ft,21TXBCH,19299,ENTEROLERT,SPL_WTRGRB,Sample Water Grab,Water Bottle,29.21313,-94.95367
TX,2022,TX334226,Galveston Island State Park,GAL017,GISP #2,GALVESTON,GAL017_20220309_91637,9-Mar-22,9:00:00 AM,CDT,Sample-Routine,Enterococcus,,10,cfu/100mL,,2,ft,21TXBCH,19299,ENTEROLERT,SPL_WTRGRB,Sample Water Grab,Water Bottle,29.21313,-94.95367
TX,2022,TX334226,Galveston Island State Park,GAL017,GISP #2,GALVESTON,GAL017_20220223_91450,23-Feb-22,9:00:00 AM,CDT,Sample-Routine,Enterococcus,,5,cfu/100mL,,2,ft,21TXBCH,19299,ENTEROLERT,SPL_WTRGRB,Sample Water Grab,Water Bottle,29.21313,-94.95367
TX,2022,TX334226,Galveston Island State Park,GAL017,GISP #2,GALVESTON,GAL017_20220209_91297,9-Feb-22,9:00:00 AM,CDT,Sample-Routine,Enterococcus,,5,cfu/100mL,,2,ft,21TXBCH,19299,ENTEROLERT,SPL_WTRGRB,Sample Water Grab,Water Bottle,29.21313,-94.95367
TX,2022,TX334226,Galveston Island State Park,GAL017,GISP #2,GALVESTON,GAL017_20220126_91090,26-Jan-22,9:00:00 AM,CDT,Sample-Routine,Enterococcus,,10,cfu/100mL,,2,ft,21TXBCH,19299,ENTEROLERT,SPL_WTRGRB,Sample Water Grab,Water Bottle,29.21313,-94.95367
TX,2022,TX334226,Galveston Island State Park,GAL017,GISP #2,GALVESTON,GAL017_20220112_91128,12-Jan-22,9:00:00 AM,CDT,Sample-Routine,Enterococcus,,1,cfu/100mL,,2,ft,21TXBCH,19299,ENTEROLERT,SPL_WTRGRB,Sample Water Grab,Water Bottle,29.21313,-94.95367